date,copies_per_ml,seven_day_avg,lower_ci,upper_ci,system
2020-03-09,9,NA,NA,NA,North
2020-03-10,15,12,7,NA,North
2020-03-11,65,31,21,30,North
2020-03-12,36,32,11,17,North
2020-03-13,32,0,NA,NA,North
2020-03-14,27,31,9,13,North
2020-03-15,53,34,17,25,North
2020-03-16,23,32,7,11,North
2020-03-17,78,43,24,36,North
2020-03-18,45,40,14,21,North
2020-03-19,49,42,16,23,North
2020-03-20,42,0,NA,NA,North
2020-03-21,46,0,NA,NA,North
2020-03-22,45,0,NA,NA,North
2020-03-23,380,90,120,176,North
2020-03-24,56,0,148,NA,North
2020-03-25,228,192,72,105,North
2020-03-26,39,182,12,18,North
2020-03-27,299,201,95,138,North
2020-03-28,201,0,NA,NA,North
2020-03-29,201,0,NA,NA,North
2020-03-30,219,180,69,101,North
2020-03-31,155,0,NA,NA,North
2020-04-01,475,187,150,220,North
2020-04-02,315,0,NA,NA,North
2020-04-03,438,357,138,202,North
2020-04-04,357,0,NA,NA,North
2020-04-05,357,0,NA,NA,North
2020-04-06,456,0,NA,NA,North
2020-04-07,562,489,178,260,North
2020-04-08,496,0,NA,NA,North
2020-04-09,784,578,248,362,North
2020-04-10,664,0,NA,NA,North
2020-04-11,664,0,NA,NA,North
2020-04-12,664,0,NA,NA,North
2020-04-13,664,0,NA,NA,North
2020-04-14,702,742,222,324,North
2020-04-15,742,0,NA,NA,North
2020-04-16,321,474,101,148,North
2020-04-17,360,433,114,166,North
2020-04-18,433,0,NA,NA,North
2020-04-19,433,0,NA,NA,North
2020-04-20,433,0,NA,NA,North
2020-04-21,340,0,NA,NA,North
2020-04-22,541,397,171,250,North
2020-04-23,283,381,90,131,North
2020-04-24,391,0,NA,NA,North
2020-04-25,391,0,NA,NA,North
2020-04-26,391,0,NA,NA,North
2020-04-27,173,41,0,NA,North
2020-04-28,293,355,93,135,North
2020-04-29,288,0,NA,NA,North
2020-04-30,293,0,NA,NA,North
2020-05-01,293,0,NA,NA,North
2020-05-02,293,0,NA,NA,North
2020-05-03,93,165,29,43,North
2020-05-04,165,0,NA,NA,North
2020-05-05,94,94,30,44,North
2020-05-06,22,58,7,10,North
2020-05-07,58,0,NA,NA,North
2020-05-08,58,0,NA,NA,North
2020-05-09,58,0,NA,NA,North
2020-05-10,46,0,NA,NA,North
2020-05-11,43,52,0,NA,North
2020-05-12,22,0,NA,NA,North
2020-05-13,0,0,NA,NA,North
2020-05-14,0,0,NA,NA,North
2020-05-15,0,0,NA,NA,North
2020-05-16,0,0,NA,NA,North
2020-05-17,0,0,NA,NA,North
2020-05-18,0,0,NA,NA,North
2020-05-19,0,0,NA,NA,North
2020-05-20,0,0,NA,NA,North
2020-05-21,42,38,NA,NA,North
2020-05-22,244,197,NA,NA,North
2020-05-23,69,36,NA,NA,North
2020-05-24,52,78,16,24,North
2020-05-25,42,69,13,19,North
2020-05-26,38,62,12,17,North
2020-05-27,81,65,26,37,North
2020-05-28,35,63,11,16,North
2020-05-29,49,50,15,22,North
2020-05-30,71,21,0,NA,North
2020-05-31,37,45,12,17,North
2020-06-01,60,48,19,28,North
2020-06-02,95,55,30,44,North
2020-06-03,40,49,13,18,North
2020-06-04,32,49,10,15,North
2020-06-05,45,48,14,21,North
2020-06-06,46,48,15,21,North
2020-06-07,27,45,8,12,North
2020-06-08,19,39,6,9,North
2020-06-09,167,42,53,77,North
2020-06-10,68,45,21,31,North
2020-06-11,134,56,42,62,North
2020-06-12,78,60,25,36,North
2020-06-13,180,73,57,83,North
2020-06-14,47,11,0,NA,North
2020-06-15,141,120,45,65,North
2020-06-16,118,113,37,55,North
2020-06-17,13,86,4,6,North
2020-06-18,21,63,7,10,North
2020-06-19,37,56,12,17,North
2020-06-20,25,40,8,11,North
2020-06-21,26,38,8,12,North
2020-06-22,20,8,0,NA,North
2020-06-23,22,23,7,10,North
2020-06-24,10,22,3,4,North
2020-06-25,16,21,5,7,North
2020-06-26,11,17,4,5,North
2020-06-27,15,16,5,7,North
2020-06-28,19,15,6,9,North
2020-06-29,15,15,5,7,North
2020-06-30,22,15,7,10,North
2020-07-01,27,17,8,12,North
2020-07-02,29,19,9,14,North
2020-07-03,43,23,14,20,North
2020-07-04,15,23,5,7,North
2020-07-05,13,21,4,6,North
2020-07-06,34,24,11,16,North
2020-07-07,37,26,12,17,North
2020-07-08,30,26,9,14,North
2020-07-09,21,25,7,10,North
2020-07-10,36,24,11,16,North
2020-07-11,21,26,7,10,North
2020-07-12,46,31,15,21,North
2020-07-13,32,31,10,15,North
2020-07-14,32,30,10,15,North
2020-07-15,30,30,9,14,North
2020-07-16,25,31,8,11,North
2020-07-17,43,32,14,20,North
2020-07-18,26,32,8,12,North
2020-07-19,14,27,5,7,North
2020-07-20,20,26,6,9,North
2020-07-21,17,24,5,8,North
2020-07-22,28,23,9,13,North
2020-07-23,23,23,7,11,North
2020-07-24,57,24,18,26,North
2020-07-25,41,26,13,19,North
2020-07-26,33,29,10,15,North
2020-07-27,31,31,10,14,North
2020-07-28,34,0,NA,NA,North
2020-07-29,24,33,8,11,North
2020-07-30,35,0,NA,NA,North
2020-07-31,81,38,25,37,North
2020-08-01,37,0,NA,NA,North
2020-08-02,39,0,NA,NA,North
2020-08-03,109,59,34,50,North
2020-08-04,47,56,15,22,North
2020-08-05,43,65,14,20,North
2020-08-06,48,61,15,22,North
2020-08-07,41,53,13,19,North
2020-08-08,53,0,NA,NA,North
2020-08-09,53,0,NA,NA,North
2020-08-10,62,48,20,29,North
2020-08-11,48,0,NA,NA,North
2020-08-12,57,52,18,27,North
2020-08-13,53,0,NA,NA,North
2020-08-14,45,55,14,21,North
2020-08-15,55,0,NA,NA,North
2020-08-16,55,0,NA,NA,North
2020-08-17,44,48,14,20,North
2020-08-18,48,0,NA,NA,North
2020-08-19,87,56,27,40,North
2020-08-20,56,0,NA,NA,North
2020-08-21,60,61,19,28,North
2020-08-22,61,0,NA,NA,North
2020-08-23,61,0,NA,NA,North
2020-08-24,38,58,12,17,North
2020-08-25,58,0,NA,NA,North
2020-08-26,48,48,15,22,North
2020-08-27,48,0,NA,NA,North
2020-08-28,60,48,19,27,North
2020-08-29,48,0,NA,NA,North
2020-08-30,48,0,NA,NA,North
2020-08-31,61,56,19,28,North
2020-09-01,56,0,NA,NA,North
2020-09-02,144,81,46,67,North
2020-09-03,81,0,NA,NA,North
2020-09-04,138,107,44,64,North
2020-09-05,107,0,NA,NA,North
2020-09-06,107,0,NA,NA,North
2020-09-07,59,105,19,27,North
2020-09-08,105,0,NA,NA,North
2020-09-09,46,72,15,21,North
2020-09-10,59,69,19,27,North
2020-09-11,46,52,15,21,North
2020-09-12,51,52,16,24,North
2020-09-13,44,51,14,20,North
2020-09-14,49,49,15,22,North
2020-09-15,45,48,14,21,North
2020-09-16,48,49,15,22,North
2020-09-17,54,48,17,25,North
2020-09-18,75,51,24,34,North
2020-09-19,31,48,10,14,North
2020-09-20,32,46,10,15,North
2020-09-21,24,41,7,11,North
2020-09-22,44,41,14,20,North
2020-09-23,41,40,13,19,North
2020-09-24,31,37,10,14,North
2020-09-25,34,33,11,16,North
2020-09-26,34,0,NA,NA,North
2020-09-27,34,0,NA,NA,North
2020-09-28,43,38,14,20,North
2020-09-29,37,0,NA,NA,North
2020-09-30,21,31,7,10,North
2020-10-01,31,0,NA,NA,North
2020-10-02,34,31,11,16,North
2020-10-03,31,0,NA,NA,North
2020-10-04,31,0,NA,NA,North
2020-10-05,38,30,12,17,North
2020-10-06,30,0,NA,NA,North
2020-10-07,70,45,22,33,North
2020-10-08,45,0,NA,NA,North
2020-10-09,56,53,18,26,North
2020-10-10,53,0,NA,NA,North
2020-10-11,53,0,NA,NA,North
2020-10-12,52,59,16,24,North
2020-10-13,59,0,NA,NA,North
2020-10-14,71,59,22,33,North
2020-10-15,59,0,NA,NA,North
2020-10-16,101,72,32,46,North
2020-10-17,72,0,NA,NA,North
2020-10-18,263,99,83,121,North
2020-10-19,116,122,37,54,North
2020-10-20,130,123,41,60,North
2020-10-21,95,131,30,44,North
2020-10-22,131,131,42,61,North
2020-10-23,103,131,33,48,North
2020-10-24,132,132,42,61,North
2020-10-25,126,118,40,58,North
2020-10-26,120,119,38,55,North
2020-10-27,129,119,41,60,North
2020-10-28,190,131,60,88,North
2020-10-29,97,126,31,45,North
2020-10-30,201,138,64,93,North
2020-10-31,148,140,47,68,North
2020-11-01,139,142,44,64,North
2020-11-02,186,151,59,86,North
2020-11-03,317,172,100,146,North
2020-11-04,183,171,58,85,North
2020-11-05,354,206,112,163,North
2020-11-06,207,207,65,96,North
2020-11-07,221,219,70,102,North
2020-11-08,322,247,102,149,North
2020-11-09,226,254,71,105,North
2020-11-10,339,257,107,157,North
2020-11-11,396,287,125,183,North
2020-11-12,318,282,101,147,North
2020-11-13,301,298,95,139,North
2020-11-14,313,313,99,145,North
2020-11-15,286,307,90,132,North
2020-11-16,311,322,98,143,North
2020-11-17,412,331,130,190,North
2020-11-18,353,325,112,163,North
2020-11-19,384,334,121,177,North
2020-11-20,371,344,117,171,North
2020-11-21,385,355,122,178,North
2020-11-22,435,377,138,201,North
2020-11-23,267,369,84,123,North
2020-11-24,518,381,164,239,North
2020-11-25,459,395,145,212,North
2020-11-26,495,410,156,229,North
2020-11-27,561,435,177,259,North
2020-11-28,546,457,173,252,North
2020-11-29,520,469,164,240,North
2020-11-30,675,536,213,312,North
2020-12-01,862,576,272,398,North
2020-12-02,857,630,271,396,North
2020-12-03,888,685,280,410,North
2020-12-04,1384,779,438,640,North
2020-12-05,956,844,302,441,North
2020-12-06,1035,931,327,478,North
2020-12-07,1219,1013,385,563,North
2020-12-08,725,988,229,335,North
2020-12-09,629,945,199,291,North
2020-12-10,812,933,257,375,North
2020-12-11,1146,909,362,529,North
2020-12-12,1023,918,323,473,North
2020-12-13,1356,954,428,626,North
2020-12-14,1195,951,378,552,North
2020-12-15,202,792,64,93,North
2020-12-16,877,831,277,405,North
2020-12-17,1111,869,351,513,North
2020-12-18,1048,858,331,484,North
2020-12-19,1176,875,372,543,North
2020-12-20,897,825,284,415,North
2020-12-21,775,775,245,358,North
2020-12-22,995,974,315,460,North
2020-12-23,841,968,266,389,North
2020-12-24,985,952,311,455,North
2020-12-25,907,932,287,419,North
2020-12-26,551,836,174,255,North
2020-12-27,1208,873,382,558,North
2020-12-28,1448,954,458,669,North
2020-12-29,774,921,245,358,North
2020-12-30,1451,995,458,670,North
2020-12-31,792,965,250,366,North
2021-01-01,473,879,149,219,North
2021-01-02,367,829,116,169,North
2021-01-03,395,707,125,183,North
2021-01-04,546,615,172,252,North
2021-01-05,942,632,298,435,North
2021-01-06,1061,605,335,490,North
2021-01-07,1051,630,332,485,North
2021-01-08,1329,730,420,614,North
2021-01-09,1411,885,446,652,North
2021-01-10,1180,1034,373,545,North
2021-01-11,1013,1130,320,468,North
2021-01-12,920,1126,291,425,North
2021-01-13,983,1114,311,454,North
2021-01-14,951,1098,300,439,North
2021-01-15,1112,1071,351,514,North
2021-01-16,672,963,212,310,North
2021-01-17,581,870,184,269,North
2021-01-18,603,808,191,279,North
2021-01-19,966,814,305,446,North
2021-01-20,422,721,134,195,North
2021-01-21,591,674,187,273,North
2021-01-22,690,629,218,319,North
2021-01-23,866,653,274,400,North
2021-01-24,663,665,210,306,North
2021-01-25,631,669,199,291,North
2021-01-26,290,564,92,134,North
2021-01-27,350,549,111,162,North
2021-01-28,421,523,133,195,North
2021-01-29,329,470,104,152,North
2021-01-30,490,434,155,226,North
2021-01-31,397,403,125,183,North
2021-02-01,363,372,115,168,North
2021-02-02,274,369,87,127,North
2021-02-03,283,358,89,131,North
2021-02-04,249,332,79,115,North
2021-02-05,366,338,116,169,North
2021-02-06,434,332,137,200,North
2021-02-07,295,318,93,136,North
2021-02-08,412,324,130,190,North
2021-02-09,315,330,100,146,North
2021-02-10,225,320,71,104,North
2021-02-11,382,340,121,177,North
2021-02-12,358,339,113,165,North
2021-02-13,285,319,90,131,North
2021-02-14,283,317,89,131,North
2021-02-15,155,276,49,72,North
2021-02-16,190,257,60,88,North
2021-02-17,232,258,73,107,North
2021-02-18,412,261,130,190,North
2021-02-19,579,279,183,268,North
2021-02-20,182,262,58,84,North
2021-02-21,308,265,97,142,North
2021-02-22,386,302,122,178,North
2021-02-23,163,295,52,75,North
2021-02-24,260,300,82,120,North
2021-02-25,193,269,61,89,North
2021-02-26,124,216,39,57,North
2021-02-27,243,225,77,112,North
2021-02-28,211,213,67,97,North
2021-03-01,251,201,79,116,North
2021-03-02,218,209,69,101,North
2021-03-03,279,211,88,129,North
2021-03-04,332,228,105,153,North
2021-03-05,287,257,91,133,North
2021-03-06,190,248,60,88,North
2021-03-07,191,245,60,88,North
2021-03-08,284,249,90,131,North
2021-03-09,217,249,68,100,North
2021-03-10,208,239,66,96,North
2021-03-11,185,220,58,85,North
2021-03-12,364,227,115,168,North
2021-03-13,366,249,116,169,North
2021-03-14,235,257,74,109,North
2021-03-15,310,260,98,143,North
2021-03-16,216,260,68,100,North
2021-03-17,266,269,84,123,North
2021-03-18,415,302,131,192,North
2021-03-19,259,288,82,119,North
2021-03-20,382,290,121,176,North
2021-03-21,227,288,72,105,North
2021-03-22,286,285,90,132,North
2021-03-23,286,296,90,132,North
2021-03-24,245,293,77,113,North
2021-03-25,266,275,84,123,North
2021-03-26,209,267,66,97,North
2021-03-27,313,259,99,145,North
2021-03-28,218,258,69,101,North
2021-03-29,276,257,87,127,North
2021-03-30,212,246,67,98,North
2021-03-31,107,218,34,49,North
2021-04-01,233,214,74,107,North
2021-04-02,246,219,78,114,North
2021-04-03,177,202,56,82,North
2021-04-04,388,220,123,179,North
2021-04-05,273,219,86,126,North
2021-04-06,233,222,74,108,North
2021-04-07,222,247,70,103,North
2021-04-08,247,249,78,114,North
2021-04-09,300,256,95,139,North
2021-04-10,349,282,110,161,North
2021-04-11,287,270,91,132,North
2021-04-12,338,278,107,156,North
2021-04-13,170,266,54,78,North
2021-04-14,240,269,76,111,North
2021-04-15,237,267,75,109,North
2021-04-16,178,248,56,82,North
2021-04-17,271,240,86,125,North
2021-04-18,245,234,78,113,North
2021-04-19,181,214,57,83,North
2021-04-20,131,207,41,61,North
2021-04-21,158,194,50,73,North
2021-04-22,108,174,34,50,North
2021-04-23,80,155,25,37,North
2021-04-24,127,139,40,59,North
2021-04-25,176,133,56,81,North
2021-04-26,154,130,49,71,North
2021-04-27,107,126,34,49,North
2021-04-28,102,118,32,47,North
2021-04-29,133,122,42,61,North
2021-04-30,78,121,25,36,North
2021-05-01,97,117,31,45,North
2021-05-02,75,103,24,35,North
2021-05-03,67,92,21,31,North
2021-05-04,91,90,29,42,North
2021-05-05,84,87,27,39,North
2021-05-06,96,83,30,44,North
2021-05-07,69,82,22,32,North
2021-05-08,75,79,24,35,North
2021-05-09,87,81,27,40,North
2021-05-10,66,80,21,30,North
2021-05-11,23,66,7,11,North
2021-05-12,60,63,19,28,North
2021-05-13,62,59,19,28,North
2021-05-14,56,57,18,26,North
2021-05-15,49,54,15,23,North
2021-05-16,36,48,11,17,North
2021-05-17,44,45,14,20,North
2021-05-18,29,46,9,13,North
2021-05-19,31,42,10,14,North
2021-05-20,57,42,18,26,North
2021-05-21,48,41,15,22,North
2021-05-22,43,40,14,20,North
2021-05-23,18,36,6,8,North
2021-05-24,40,36,13,19,North
2021-05-25,30,36,9,14,North
2021-05-26,20,34,6,9,North
2021-05-27,21,29,7,10,North
2021-05-28,26,27,8,12,North
2021-05-29,12,22,4,5,North
2021-05-30,21,23,6,9,North
2021-05-31,15,20,5,7,North
2021-06-01,30,20,9,14,North
2021-06-02,28,21,9,13,North
2021-06-03,24,21,8,11,North
2021-06-04,20,20,6,9,North
2021-06-05,30,12,NA,NA,North
2021-06-06,24,25,8,11,North
2021-06-07,29,27,9,13,North
2021-06-08,15,24,5,7,North
2021-06-09,14,22,4,6,North
2021-06-10,33,23,10,15,North
2021-06-11,40,25,13,18,North
2021-06-12,32,25,10,15,North
2021-06-13,20,24,6,9,North
2021-06-14,11,21,3,5,North
2021-06-15,9,20,3,4,North
2021-06-16,13,19,4,6,North
2021-06-17,16,18,5,8,North
2021-06-18,16,15,5,7,North
2021-06-19,11,13,4,5,North
2021-06-20,15,13,5,7,North
2021-06-21,19,14,6,9,North
2021-06-22,17,15,5,8,North
2021-06-23,18,16,6,8,North
2021-06-24,33,17,NA,NA,North
2021-06-25,31,19,10,14,North
2021-06-26,14,20,4,6,North
2021-06-27,13,20,4,6,North
2021-06-28,52,23,16,24,North
2021-06-29,56,27,18,26,North
2021-06-30,23,28,7,11,North
2021-07-01,19,26,6,9,North
2021-07-02,40,27,13,18,North
2021-07-03,45,31,14,21,North
2021-07-04,61,39,19,28,North
2021-07-05,28,36,9,13,North
2021-07-06,27,32,9,13,North
2021-07-07,38,35,NA,NA,North
2021-07-08,50,40,16,23,North
2021-07-09,76,44,24,35,North
2021-07-10,73,47,23,34,North
2021-07-11,52,46,17,24,North
2021-07-12,87,54,27,40,North
2021-07-14,102,44,32,47,North
2021-07-15,59,45,19,27,North
2021-07-16,80,45,25,37,North
2021-07-17,57,44,18,26,North
2021-07-18,118,49,37,54,North
2021-07-19,163,54,51,75,North
2021-07-20,126,94,40,58,North
2021-07-21,167,101,53,77,North
2021-07-22,136,114,43,63,North
2021-07-23,202,130,64,93,North
2021-07-24,148,149,47,69,North
2021-07-25,249,166,79,115,North
2021-07-26,263,178,83,121,North
2021-07-27,181,187,57,84,North
2021-07-28,279,202,88,129,North
2021-07-29,200,213,63,93,North
2021-07-30,184,210,58,85,North
2021-07-31,135,207,43,62,North
2021-08-01,223,204,71,103,North
2021-08-02,213,198,67,98,North
2021-08-03,171,196,54,79,North
2021-08-04,144,179,46,67,North
2021-08-05,161,173,51,74,North
2021-08-06,186,173,59,86,North
2021-08-07,665,218,210,307,North
2021-08-08,659,254,208,304,North
2021-08-09,691,301,218,319,North
2021-08-10,329,330,104,152,North
2021-08-11,240,355,76,111,North
2021-08-12,681,437,215,314,North
2021-08-13,376,483,119,174,North
2021-08-14,363,443,115,168,North
2021-08-15,306,397,97,141,North
2021-08-16,325,356,103,150,North
2021-08-17,335,357,106,155,North
2021-08-18,229,355,72,106,North
2021-08-19,227,303,72,105,North
2021-08-20,320,296,101,148,North
2021-08-21,695,325,220,321,North
2021-08-22,315,327,99,145,North
2021-08-23,249,314,79,115,North
2021-08-24,290,308,92,134,North
2021-08-25,385,332,122,178,North
2021-08-26,383,358,121,177,North
2021-08-27,444,375,140,205,North
2021-08-28,408,347,129,189,North
2021-08-29,304,346,96,140,North
2021-08-30,320,358,101,148,North
2021-08-31,347,367,110,160,North
2021-09-01,164,325,52,76,North
2021-09-02,205,298,65,95,North
2021-09-03,326,285,103,151,North
2021-09-04,266,268,84,123,North
2021-09-05,239,259,76,110,North
2021-09-06,281,254,89,130,North
2021-09-07,221,238,70,102,North
2021-09-08,170,239,54,78,North
2021-09-09,170,233,54,79,North
2021-09-10,65,185,20,30,North
2021-09-11,189,176,60,87,North
2021-09-12,217,174,69,100,North
2021-09-13,133,156,42,62,North
2021-09-14,675,183,213,312,North
2021-09-15,330,201,104,152,North
2021-09-16,494,235,156,228,North
2021-09-17,493,313,156,228,North
2021-09-18,571,367,180,264,North
2021-09-19,395,400,125,183,North
2021-09-20,312,451,99,144,North
2021-09-21,254,393,80,118,North
2021-09-22,195,364,62,90,North
2021-09-23,218,324,69,101,North
2021-09-24,187,282,59,87,North
2021-09-25,450,273,142,208,North
2021-09-26,218,251,69,101,North
2021-09-27,307,250,97,142,North
2021-09-28,270,252,85,125,North
2021-09-29,272,264,86,126,North
2021-09-30,477,296,151,220,North
2021-10-01,335,321,106,155,North
2021-10-02,366,312,116,169,North
2021-10-03,381,338,120,176,North
2021-10-04,324,341,103,150,North
2021-10-05,377,357,119,174,North
2021-10-06,184,338,58,85,North
2021-10-07,260,310,82,120,North
2021-10-08,415,319,131,192,North
2021-10-09,306,311,97,141,North
2021-10-10,381,311,121,176,North
2021-10-11,345,314,109,159,North
2021-10-12,216,290,68,100,North
2021-10-13,190,291,60,88,North
2021-10-14,207,282,65,95,North
2021-10-15,243,261,77,112,North
2021-10-16,185,243,59,86,North
2021-10-17,131,209,41,61,North
2021-10-18,161,187,51,74,North
2021-10-19,189,184,60,87,North
2021-10-20,300,196,95,138,North
2021-10-21,344,211,109,159,North
2021-10-22,351,222,111,162,North
2021-10-23,436,251,138,201,North
2021-10-24,495,304,157,229,North
2021-10-25,298,332,94,138,North
2021-10-26,240,343,76,111,North
2021-10-27,316,346,100,146,North
2021-10-28,451,359,143,208,North
2021-10-29,554,384,175,256,North
2021-10-30,214,347,68,99,North
2021-10-31,109,279,35,50,North
2021-11-01,352,286,111,163,North
2021-11-02,423,310,134,195,North
2021-11-03,533,334,168,246,North
2021-11-04,538,342,170,248,North
2021-11-05,496,337,157,229,North
2021-11-06,340,360,108,157,North
2021-11-07,295,415,93,136,North
2021-11-08,317,409,100,146,North
2021-11-09,285,386,90,132,North
2021-11-10,546,388,173,252,North
2021-11-11,291,355,92,134,North
2021-11-12,529,358,167,244,North
2021-11-13,717,399,226,331,North
2021-11-14,760,456,240,351,North
2021-11-15,845,525,267,390,North
2021-11-16,430,557,136,199,North
2021-11-17,801,588,253,370,North
2021-11-18,877,689,277,405,North
2021-11-19,363,653,115,168,North
2021-11-20,540,627,171,249,North
2021-11-21,684,618,216,316,North
2021-11-22,443,563,140,205,North
2021-11-23,747,609,236,345,North
2021-11-24,910,620,287,420,North
2021-11-25,927,625,293,428,North
2021-11-26,382,630,121,176,North
2021-11-27,967,685,306,447,North
2021-11-28,901,712,285,416,North
2021-11-29,1066,807,337,493,North
2021-11-30,1204,864,380,556,North
2021-12-01,1509,929,477,697,North
2021-12-02,1163,960,367,537,North
2021-12-03,858,1077,271,396,North
2021-12-04,1223,1114,387,565,North
2021-12-05,1905,1240,602,880,North
2021-12-06,1093,1244,345,505,North
2021-12-07,1112,1230,351,514,North
2021-12-08,1126,1180,356,520,North
2021-12-09,1105,1171,349,511,North
2021-12-10,1257,1237,397,581,North
2021-12-11,1363,1256,431,630,North
2021-12-12,1040,1152,329,481,North
2021-12-13,2511,1298,793,1160,North
2021-12-14,765,1230,242,354,North
2021-12-15,1211,1243,383,559,North
2021-12-16,1751,1328,553,809,North
2021-12-17,2466,1462,779,1139,North
2021-12-18,1908,1534,603,882,North
2021-12-19,2111,1697,667,975,North
2021-12-20,2373,1683,750,1096,North
2021-12-21,2109,1945,666,974,North
2021-12-22,2277,2129,720,1052,North
2021-12-23,4189,2411,1324,1935,North
2021-12-24,5383,2696,1701,2487,North
2021-12-25,6196,3190,1958,2862,North
2021-12-26,4572,3562,1445,2112,North
2021-12-27,8980,4308,2838,4149,North
2021-12-28,10243,5399,3237,4732,North
2021-12-29,6873,6322,2172,3176,North
2021-12-30,8435,6987,2666,3897,North
2021-12-31,9175,7540,2899,4239,North
2022-01-01,6568,7604,2076,3035,North
2022-01-02,7773,8202,2456,3591,North
2022-01-03,10196,8353,3222,4711,North
2022-01-04,8264,8100,2611,3818,North
2022-01-05,10833,8644,3423,5005,North
2022-01-06,6549,8337,2070,3026,North
2022-01-07,4705,7579,1487,2173,North
2022-01-08,3640,6966,1150,1682,North
2022-01-09,3807,6291,1203,1759,North
2022-01-10,2319,5091,733,1071,North
2022-01-11,2813,4365,889,1300,North
2022-01-12,2216,3479,700,1024,North
2022-01-13,2562,3043,809,1183,North
2022-01-14,3525,2920,1114,1629,North
2022-01-15,1737,2627,549,802,North
2022-01-16,1586,2318,501,733,North
2022-01-17,2411,2331,762,1114,North
2022-01-18,1489,2129,471,688,North
2022-01-19,1766,2061,558,816,North
2022-01-20,1245,1859,394,575,North
2022-01-21,1220,1597,385,564,North
2022-01-22,1549,1571,490,716,North
2022-01-23,1420,1547,449,656,North
2022-01-24,1327,1420,419,613,North
2022-01-25,830,1307,262,383,North
2022-01-26,904,1187,286,418,North
2022-01-27,1426,1211,451,659,North
2022-01-28,821,1144,260,379,North
2022-01-29,1132,1094,358,523,North
2022-01-30,1066,1050,337,492,North
2022-01-31,1053,1016,333,486,North
2022-02-01,453,932,143,209,North
2022-02-02,334,808,105,154,North
2022-02-03,392,672,124,181,North
2022-02-04,422,611,133,195,North
2022-02-05,716,572,226,331,North
2022-02-06,336,485,106,155,North
2022-02-07,292,404,92,135,North
2022-02-08,110,330,35,51,North
2022-02-09,235,314,74,108,North
2022-02-10,233,292,74,108,North
2022-02-11,247,270,78,114,North
2022-02-12,140,214,44,65,North
2022-02-13,129,187,41,60,North
2022-02-14,94,159,30,43,North
2022-02-15,90,154,28,42,North
2022-02-16,206,151,65,95,North
2022-02-17,135,140,43,63,North
2022-02-18,124,127,39,57,North
2022-02-19,140,127,44,65,North
2022-02-20,101,122,32,47,North
2022-02-21,127,128,40,59,North
2022-02-22,124,134,39,57,North
2022-02-23,80,117,25,37,North
2022-02-24,138,117,43,64,North
2022-02-25,160,122,51,74,North
2022-02-26,113,118,36,52,North
2022-02-27,75,113,24,35,North
2022-02-28,102,109,32,47,North
2022-03-01,77,102,24,36,North
2022-03-02,170,114,54,79,North
2022-03-03,105,109,33,48,North
2022-03-04,121,105,38,56,North
2022-03-05,105,104,33,49,North
2022-03-06,80,105,25,37,North
2022-03-07,84,102,26,39,North
2022-03-08,105,107,33,49,North
2022-03-09,118,101,37,55,North
2022-03-10,139,106,44,64,North
2022-03-11,148,109,47,68,North
2022-03-12,105,109,33,48,North
2022-03-13,104,113,33,48,North
2022-03-14,115,118,36,53,North
2022-03-15,115,120,36,53,North
2022-03-16,182,127,57,84,North
2022-03-17,165,130,52,76,North
2022-03-18,162,132,51,75,North
2022-03-19,138,137,44,64,North
2022-03-20,96,136,30,44,North
2022-03-21,133,139,42,62,North
2022-03-22,161,146,51,75,North
2022-03-23,249,152,79,115,North
2022-03-24,231,160,73,107,North
2022-03-25,283,173,89,131,North
2022-03-26,236,187,75,109,North
2022-03-27,212,209,67,98,North
2022-03-28,230,226,73,106,North
2022-03-29,188,231,59,87,North
2022-03-30,371,244,117,171,North
2022-03-31,345,259,109,159,North
2022-04-01,316,263,100,146,North
2022-04-02,370,280,117,171,North
2022-04-03,358,302,113,165,North
2022-04-04,291,313,92,134,North
2022-04-05,431,352,136,199,North
2022-04-06,589,376,186,272,North
2022-04-07,385,382,122,178,North
2022-04-08,411,397,130,190,North
2022-04-09,483,412,153,223,North
2022-04-10,397,418,125,183,North
2022-04-11,565,460,179,261,North
2022-04-12,630,486,199,291,North
2022-04-13,647,492,204,299,North
2022-04-14,851,551,269,393,North
2022-04-15,752,601,238,348,North
2022-04-16,640,625,202,296,North
2022-04-17,654,672,207,302,North
2022-04-18,572,673,181,264,North
2022-04-19,641,675,203,296,North
2022-04-20,456,642,144,211,North
2022-04-21,571,606,180,264,North
2022-04-22,624,590,197,288,North
2022-04-23,524,574,166,242,North
2022-04-24,471,547,149,217,North
2022-04-25,471,532,149,218,North
2022-04-26,426,502,135,197,North
2022-04-27,623,525,197,288,North
2022-04-28,505,516,159,233,North
2022-04-29,833,537,263,385,North
2022-04-30,697,560,220,322,North
2022-05-01,493,564,156,228,North
2022-05-02,662,592,209,306,North
2022-05-03,561,615,177,259,North
2022-05-04,751,632,237,347,North
2022-05-05,953,692,301,440,North
2022-05-06,789,687,249,364,North
2022-05-07,797,700,252,368,North
2022-05-08,952,769,301,440,North
2022-05-09,853,797,270,394,North
2022-05-10,922,856,291,426,North
2022-05-11,995,891,314,460,North
2022-05-12,1670,965,528,771,North
2022-05-13,1285,1035,406,594,North
2022-05-14,1356,1117,428,626,North
2022-05-15,982,1122,310,454,North
2022-05-16,1143,1170,361,528,North
2022-05-17,1669,1273,528,771,North
2022-05-18,696,1210,220,322,North
2022-05-19,784,1086,248,362,North
2022-05-20,1243,1081,393,574,North
2022-05-21,906,1020,286,419,North
2022-05-22,1151,1044,364,532,North
2022-05-23,1077,1035,340,498,North
2022-05-24,743,922,235,343,North
2022-05-25,561,894,177,259,North
2022-05-26,1368,968,432,632,North
2022-05-27,1043,944,330,482,North
2022-05-28,1031,962,326,476,North
2022-05-29,1246,972,394,576,North
2022-05-30,919,951,290,424,North
2022-05-31,1375,1038,434,635,North
2022-06-01,791,1090,250,365,North
2022-06-02,696,990,220,322,North
2022-06-03,951,977,301,439,North
2022-06-04,532,889,168,246,North
2022-06-05,366,746,116,169,North
2022-06-06,435,671,138,201,North
2022-06-07,571,592,180,264,North
2022-06-08,636,574,201,294,North
2022-06-09,549,554,174,254,North
2022-06-10,619,521,196,286,North
2022-06-11,785,551,248,362,North
2022-06-12,932,630,295,431,North
2022-06-13,245,580,77,113,North
2022-06-14,461,563,146,213,North
2022-06-15,1392,629,440,643,North
2022-06-16,1468,724,464,678,North
2022-06-17,584,718,184,270,North
2022-06-18,433,660,137,200,North
2022-06-19,509,605,161,235,North
2022-06-20,532,676,168,246,North
2022-06-21,568,696,179,262,North
2022-06-22,611,619,193,282,North
2022-06-23,789,567,249,365,North
2022-06-24,648,575,205,299,North
2022-06-25,738,621,233,341,North
2022-06-26,688,648,217,318,North
2022-06-27,536,649,169,248,North
2022-06-28,562,648,178,260,North
2022-06-29,606,647,192,280,North
2022-06-30,607,623,192,280,North
2022-07-01,428,587,135,198,North
2022-07-02,800,594,253,370,North
2022-07-03,741,600,234,343,North
2022-07-04,751,630,237,347,North
2022-07-05,813,664,257,376,North
2022-07-06,800,691,253,370,North
2022-07-07,871,728,275,403,North
2022-07-08,861,804,272,398,North
2022-07-09,793,803,251,366,North
2022-07-10,579,775,183,268,North
2022-07-11,676,764,214,312,North
2022-07-12,808,763,255,374,North
2022-07-13,822,766,260,380,North
2022-07-14,742,749,235,343,North
2022-07-15,592,710,187,273,North
2022-07-16,592,681,187,273,North
2022-07-17,683,697,216,315,North
2022-07-18,509,669,161,235,North
2022-07-19,533,631,169,246,North
2022-07-20,482,584,152,223,North
2022-07-21,586,565,185,271,North
2022-07-22,695,578,220,321,North
2022-07-23,479,561,151,221,North
2022-07-24,530,541,168,245,North
2022-07-25,554,548,175,256,North
2022-07-26,576,554,182,266,North
2022-07-27,648,577,205,299,North
2022-07-28,605,580,191,279,North
2022-07-29,571,564,180,264,North
2022-07-30,492,566,155,227,North
2022-07-31,486,559,153,224,North
2022-08-01,453,543,143,209,North
2022-08-02,580,544,183,268,North
2022-08-03,481,521,152,222,North
2022-08-04,599,520,189,277,North
2022-08-05,349,485,110,161,North
2022-08-06,449,479,142,208,North
2022-08-07,424,470,134,196,North
2022-08-08,403,462,127,186,North
2022-08-09,492,451,156,227,North
2022-08-10,428,444,135,198,North
2022-08-11,664,450,210,307,North
2022-08-12,504,475,159,233,North
2022-08-13,648,500,205,299,North
2022-08-14,575,522,182,265,North
2022-08-15,393,520,124,181,North
2022-08-16,417,508,132,193,North
2022-08-17,648,539,205,299,North
2022-08-18,762,550,241,352,North
2022-08-19,397,531,125,183,North
2022-08-20,266,468,84,123,North
2022-08-21,546,465,173,252,North
2022-08-22,499,481,158,231,North
2022-08-23,392,477,124,181,North
2022-08-24,407,446,129,188,North
2022-08-25,461,415,146,213,North
2022-08-26,340,406,107,157,North
2022-08-27,339,420,107,157,North
2022-08-28,356,395,113,165,North
2022-08-29,460,391,146,213,North
2022-08-30,503,405,159,232,North
2022-08-31,758,443,240,350,North
2022-09-01,533,452,168,246,North
2022-09-02,728,504,230,336,North
2022-09-03,736,563,233,340,North
2022-09-04,557,600,176,257,North
2022-09-05,572,619,181,264,North
2022-09-06,473,613,150,219,North
2022-09-07,735,611,232,340,North
2022-09-08,826,650,261,382,North
2022-09-09,701,647,222,324,North
2022-09-10,485,609,153,224,North
2022-09-11,684,627,216,316,North
2022-09-12,489,613,154,226,North
2022-09-13,573,630,181,265,North
2022-09-14,851,644,269,393,North
2022-09-15,595,614,188,275,North
2022-09-16,375,562,119,173,North
2022-09-17,495,563,156,229,North
2022-09-18,450,530,142,208,North
2022-09-19,384,513,121,178,North
2022-09-20,537,508,170,248,North
2022-09-21,731,497,231,338,North
2022-09-22,714,510,226,330,North
2022-09-23,988,586,312,456,North
2022-09-24,1357,677,429,627,North
2022-09-25,875,744,276,404,North
2022-09-26,608,794,192,281,North
2022-09-27,828,845,262,383,North
2022-09-28,1272,915,402,588,North
2022-09-29,825,934,261,381,North
2022-09-30,700,889,221,323,North
2022-10-01,714,811,226,330,North
2022-10-02,959,822,303,443,North
2022-10-03,751,847,237,347,North
2022-10-04,862,852,272,398,North
2022-10-05,979,821,309,452,North
2022-10-06,536,772,169,248,North
2022-10-07,544,744,172,251,North
2022-10-08,925,772,292,427,North
2022-10-09,1002,777,317,463,North
2022-10-10,1104,821,349,510,North
2022-10-11,543,769,172,251,North
2022-10-12,369,669,117,170,North
2022-10-13,563,673,178,260,North
2022-10-14,781,709,247,361,North
2022-10-15,1153,732,364,532,North
2022-10-16,928,724,293,429,North
2022-10-17,928,706,293,429,North
2022-10-18,972,767,307,449,North
2022-10-19,1071,894,338,495,North
2022-10-20,493,877,156,228,North
2022-10-21,289,761,91,133,North
2022-10-22,287,624,91,133,North
2022-10-23,298,530,94,138,North
2022-10-24,224,433,71,103,North
2022-10-25,423,384,134,195,North
2022-10-26,450,340,142,208,North
2022-10-27,494,340,156,228,North
2022-10-28,325,345,103,150,North
2022-10-29,476,371,150,220,North
2022-10-30,287,369,91,133,North
2022-10-31,343,393,108,159,North
2022-11-01,307,375,97,142,North
2022-11-02,370,365,117,171,North
2022-11-03,421,356,133,194,North
2022-11-04,436,372,138,202,North
2022-11-05,293,347,93,135,North
2022-11-06,360,358,114,166,North
2022-11-07,540,382,171,250,North
2022-11-08,374,393,118,173,North
2022-11-09,525,413,166,242,North
2022-11-10,331,399,105,153,North
2022-11-11,380,391,120,175,North
2022-11-12,460,417,145,212,North
2022-11-13,500,438,158,231,North
2022-11-14,293,401,93,136,North
2022-11-15,397,404,125,183,North
2022-11-16,447,395,141,206,North
2022-11-17,414,408,131,191,North
2022-11-18,394,410,125,182,North
2022-11-19,583,424,184,269,North
2022-11-20,504,425,159,233,North
2022-11-21,304,427,96,140,North
2022-11-22,435,433,137,201,North
2022-11-23,524,443,166,242,North
2022-11-24,763,483,241,352,North
2022-11-25,727,527,230,336,North
2022-11-26,1156,581,365,534,North
2022-11-27,682,607,216,315,North
2022-11-28,747,690,236,345,North
2022-11-29,1292,806,408,597,North
2022-11-30,1075,893,340,497,North
2022-12-01,879,912,278,406,North
2022-12-02,861,934,272,398,North
2022-12-03,834,891,264,386,North
2022-12-04,906,928,286,419,North
2022-12-05,685,917,217,317,North
2022-12-06,1327,920,419,613,North
2022-12-07,1094,923,346,505,North
2022-12-08,1531,999,484,707,North
2022-12-09,1370,1067,433,633,North
2022-12-10,1576,1169,498,728,North
2022-12-11,792,1147,250,366,North
2022-12-12,834,1179,263,385,North
2022-12-13,1108,1149,350,512,North
2022-12-14,1033,1140,326,477,North
2022-12-15,1123,1090,355,519,North
2022-12-16,1012,1044,320,467,North
2022-12-17,789,946,249,364,North
2022-12-18,1701,1055,538,786,North
2022-12-19,1476,1145,466,682,North
2022-12-20,1359,1179,430,628,North
2022-12-21,1593,1254,503,736,North
2022-12-22,1891,1351,597,873,North
2022-12-23,2551,1542,806,1178,North
2022-12-24,1386,1671,438,640,North
2022-12-25,1597,1656,505,738,North
2022-12-26,2377,1772,751,1098,North
2022-12-27,2423,1925,766,1120,North
2022-12-28,1630,1931,515,753,North
2022-12-29,2003,1947,633,925,North
2022-12-30,1833,1857,579,847,North
2022-12-31,2330,2000,736,1076,North
2023-01-01,1727,2023,546,798,North
2023-01-02,1499,1894,474,692,North
2023-01-03,1477,1765,467,682,North
2023-01-04,1214,1692,384,561,North
2023-01-05,1567,1633,495,724,North
2023-01-06,947,1487,299,438,North
2023-01-07,1040,1325,329,480,North
2023-01-08,904,1208,286,417,North
2023-01-09,640,1070,202,296,North
2023-01-10,836,986,264,386,North
2023-01-11,1240,989,392,573,North
2023-01-12,1241,957,392,573,North
2023-01-13,699,916,221,323,North
2023-01-14,1154,930,365,533,North
2023-01-15,2229,1058,704,1030,North
2023-01-16,1370,1179,433,633,North
2023-01-17,1363,1264,431,630,North
2023-01-18,1009,1228,319,466,North
2023-01-19,1505,1262,476,695,North
2023-01-20,763,1278,241,352,North
2023-01-21,939,1241,297,434,North
2023-01-22,787,1069,249,363,North
2023-01-23,965,1017,305,446,North
2023-01-24,465,872,147,215,North
2023-01-25,871,854,275,402,North
2023-01-26,448,718,142,207,North
2023-01-27,773,720,244,357,North
2023-01-28,685,688,217,317,North
2023-01-29,767,685,242,354,North
2023-01-30,689,653,218,318,North
2023-01-31,1169,745,369,540,North
2023-02-01,706,723,223,326,North
2023-02-02,906,800,286,419,North
2023-02-03,907,818,287,419,North
2023-02-04,568,796,180,262,North
2023-02-05,913,817,288,422,North
2023-02-06,941,854,297,435,North
2023-02-07,539,765,170,249,North
2023-02-08,577,743,182,267,North
2023-02-09,461,674,146,213,North
2023-02-10,1110,694,351,513,North
2023-02-11,498,681,157,230,North
2023-02-12,366,598,116,169,North
2023-02-13,579,558,183,268,North
2023-02-14,547,559,173,253,North
2023-02-15,588,561,186,272,North
2023-02-16,647,588,204,299,North
2023-02-17,592,538,187,273,North
2023-02-18,353,512,112,163,North
2023-02-19,391,517,124,181,North
2023-02-20,334,478,106,154,North
2023-02-21,312,441,98,144,North
2023-02-22,573,439,181,265,North
2023-02-23,472,420,149,218,North
2023-02-24,371,393,117,171,North
2023-02-25,266,377,84,123,North
2023-02-26,599,401,189,277,North
2023-02-27,513,426,162,237,North
2023-02-28,384,439,121,178,North
2023-03-01,321,404,102,148,North
2023-03-02,394,394,124,182,North
2023-03-03,580,420,183,268,North
2023-03-04,493,459,156,228,North
2023-03-05,437,438,138,202,North
2023-03-06,399,423,126,184,North
2023-03-07,341,416,108,158,North
2023-03-08,194,387,61,90,North
2023-03-09,330,377,104,152,North
2023-03-10,340,350,107,157,North
2023-03-11,240,316,76,111,North
2023-03-12,390,310,123,180,North
2023-03-13,499,320,158,231,North
2023-03-14,281,312,89,130,North
2023-03-15,197,312,62,91,North
2023-03-16,440,325,139,203,North
2023-03-17,479,342,151,221,North
2023-03-18,412,369,130,190,North
2023-03-19,510,383,161,236,North
2023-03-20,692,402,219,320,North
2023-03-21,399,423,126,185,North
2023-03-22,305,450,96,141,North
2023-03-23,237,412,75,109,North
2023-03-24,578,423,183,267,North
2023-03-25,395,420,125,182,North
2023-03-26,196,367,62,90,North
2023-03-27,178,302,56,82,North
2023-03-28,177,269,56,82,North
2023-03-29,217,256,69,100,North
2023-03-30,189,248,60,87,North
2023-03-31,243,219,77,112,North
2023-04-01,347,215,110,160,North
2023-04-02,430,241,136,199,North
2023-04-03,321,262,101,148,North
2023-04-04,215,269,68,99,North
2023-04-05,340,287,107,157,North
2023-04-06,229,295,72,106,North
2023-04-07,229,293,72,106,North
2023-04-08,202,271,64,93,North
2023-04-09,209,244,66,97,North
2023-04-10,233,NA,NA,NA,North
2023-04-11,305,247,96,141,North
2023-04-12,232,NA,NA,NA,North
2023-04-13,182,222,57,84,North
2023-04-14,220,NA,NA,NA,North
2023-04-15,140,201,44,65,North
2023-04-16,142,182,45,66,North
2023-04-17,182,NA,NA,NA,North
2023-04-18,177,159,56,82,North
2023-04-19,159,NA,NA,NA,North
2023-04-20,158,154,50,73,North
2023-04-21,154,NA,NA,NA,North
2023-04-22,195,167,62,90,North
2023-04-23,176,NA,NA,NA,North
2023-04-24,176,NA,NA,NA,North
2023-04-25,209,186,66,97,North
2023-04-26,186,NA,NA,NA,North
2023-04-27,229,61,NA,NA,North
2023-04-28,213,58,NA,NA,North
2023-04-29,245,215,77,113,North
2023-04-30,215,NA,NA,NA,North
2023-05-01,215,NA,NA,NA,North
2023-05-02,180,205,57,83,North
2023-05-03,205,NA,NA,NA,North
2023-05-04,314,240,99,145,North
2023-05-05,240,NA,NA,NA,North
2023-05-06,157,207,50,73,North
2023-05-07,207,NA,NA,NA,North
2023-05-08,207,NA,NA,NA,North
2023-05-09,162,200,51,75,North
2023-05-10,200,NA,NA,NA,North
2023-05-11,174,74,NA,NA,North
2023-05-12,153,37,NA,NA,North
2023-05-13,100,156,32,46,North
2023-05-14,156,NA,NA,NA,North
2023-05-15,156,NA,NA,NA,North
2023-05-16,156,154,49,72,North
2023-05-17,154,NA,NA,NA,North
2023-05-18,134,128,42,62,North
2023-05-19,128,NA,NA,NA,North
2023-05-20,141,143,44,65,North
2023-05-21,143,NA,NA,NA,North
2023-05-22,143,NA,NA,NA,North
2023-05-23,279,174,88,129,North
2023-05-24,174,NA,NA,NA,North
2023-05-25,223,206,70,103,North
2023-05-26,206,NA,NA,NA,North
2023-05-27,176,222,56,81,North
2023-05-28,222,NA,NA,NA,North
2023-05-29,222,NA,NA,NA,North
2023-05-30,183,193,58,85,North
2023-05-31,193,NA,NA,NA,North
2023-06-01,153,170,48,71,North
2023-06-02,170,NA,NA,NA,North
2023-06-03,172,169,54,79,North
2023-06-04,169,NA,NA,NA,North
2023-06-05,169,NA,NA,NA,North
2023-06-06,198,173,63,92,North
2023-06-07,173,NA,NA,NA,North
2023-06-08,243,202,77,112,North
2023-06-09,202,NA,NA,NA,North
2023-06-10,230,45,NA,NA,North
2023-06-11,190,NA,NA,NA,North
2023-06-12,190,NA,NA,NA,North
2023-06-13,122,162,39,56,North
2023-06-14,152,159,48,70,North
2023-06-15,110,131,35,51,North
2023-06-16,131,NA,NA,NA,North
2023-06-17,93,117,29,43,North
2023-06-18,117,NA,NA,NA,North
2023-06-19,117,NA,NA,NA,North
2023-06-20,54,96,17,25,North
2023-06-21,82,NA,NA,NA,North
2023-06-22,122,85,39,57,North
2023-06-23,85,NA,NA,NA,North
2023-06-24,195,109,62,90,North
2023-06-25,109,NA,NA,NA,North
2023-06-26,109,NA,NA,NA,North
2023-06-27,141,150,45,65,North
2023-06-28,150,NA,NA,NA,North
2023-06-29,160,164,51,74,North
2023-06-30,164,NA,NA,NA,North
2023-07-01,310,191,98,143,North
2023-07-02,191,NA,NA,NA,North
2023-07-03,191,NA,NA,NA,North
2023-07-04,312,249,99,144,North
2023-07-05,249,NA,NA,NA,North
2023-07-06,244,286,77,113,North
2023-07-07,286,NA,NA,NA,North
2023-07-08,184,241,58,85,North
2023-07-09,241,NA,NA,NA,North
2023-07-10,241,NA,NA,NA,North
2023-07-11,380,257,120,176,North
2023-07-12,257,NA,NA,NA,North
2023-07-13,255,261,81,118,North
2023-07-14,261,NA,NA,NA,North
2023-07-15,268,296,85,124,North
2023-07-16,296,NA,NA,NA,North
2023-07-17,296,NA,NA,NA,North
2023-07-18,315,278,99,145,North
2023-07-19,278,NA,NA,NA,North
2023-07-20,252,277,80,117,North
2023-07-21,277,NA,NA,NA,North
2023-07-22,470,334,149,217,North
2023-07-23,334,NA,NA,NA,North
2023-07-24,334,NA,NA,NA,North
2023-07-25,325,338,103,150,North
2023-07-26,338,NA,NA,NA,North
2023-07-27,478,418,151,221,North
2023-07-28,418,NA,NA,NA,North
2023-07-29,339,375,107,157,North
2023-07-30,375,NA,NA,NA,North
2023-07-31,375,NA,NA,NA,North
2023-08-01,538,443,170,248,North
2023-08-02,443,NA,NA,NA,North
2023-08-03,514,454,162,237,North
2023-08-04,454,NA,NA,NA,North
2023-08-05,625,557,198,289,North
2023-08-06,557,NA,NA,NA,North
2023-08-07,557,NA,NA,NA,North
2023-08-08,347,481,110,160,North
2023-08-09,481,NA,NA,NA,North
2023-08-10,645,519,204,298,North
2023-08-11,519,NA,NA,NA,North
2023-08-12,533,492,169,246,North
2023-08-13,492,NA,NA,NA,North
2023-08-14,492,NA,NA,NA,North
2023-08-15,245,439,78,113,North
2023-08-16,439,NA,NA,NA,North
2023-08-17,489,400,155,226,North
2023-08-18,400,NA,NA,NA,North
2023-08-19,336,343,106,155,North
2023-08-20,343,NA,NA,NA,North
2023-08-21,343,NA,NA,NA,North
2023-08-22,407,406,129,188,North
2023-08-23,406,NA,NA,NA,North
2023-08-24,558,424,176,258,North
2023-08-25,335,400,106,155,North
2023-08-26,526,447,166,243,North
2023-08-27,675,486,213,312,North
2023-08-28,757,523,239,350,North
2023-08-29,448,532,142,207,North
2023-08-30,520,530,164,240,North
2023-08-31,1063,581,336,491,North
2023-09-01,628,635,198,290,North
2023-09-02,732,666,231,338,North
2023-09-03,475,634,150,219,North
2023-09-04,603,613,190,278,North
2023-09-05,563,633,178,260,North
2023-09-06,372,604,117,172,North
2023-09-07,731,572,231,338,North
2023-09-08,1122,622,355,518,North
2023-09-09,922,643,291,426,North
2023-09-10,732,684,231,338,North
2023-09-11,696,698,220,322,North
2023-09-12,604,705,191,279,North
2023-09-13,750,779,237,347,North
2023-09-14,882,801,279,407,North
2023-09-15,475,708,150,219,North
2023-09-16,476,644,151,220,North
2023-09-17,503,611,159,233,North
2023-09-18,432,570,137,200,North
2023-09-19,645,576,204,298,North
2023-09-20,582,555,184,269,North
2023-09-21,575,522,182,266,North
2023-09-22,658,547,208,304,North
2023-09-23,465,546,147,215,North
2023-09-24,512,547,162,237,North
2023-09-25,673,583,213,311,North
2023-09-26,528,566,167,244,North
2023-09-27,429,542,136,198,North
2023-09-28,776,566,245,359,North
2023-09-29,732,575,231,338,North
2023-09-30,531,586,168,245,North
2023-10-01,773,621,244,357,North
2023-10-02,590,609,187,273,North
2023-10-03,702,635,222,324,North
2023-10-04,809,695,256,374,North
2023-10-05,780,695,246,360,North
2023-10-06,713,693,225,329,North
2023-10-07,630,710,199,291,North
2023-10-08,528,672,167,244,North
2023-10-09,524,661,165,242,North
2023-10-10,694,660,219,321,North
2023-10-11,448,606,141,207,North
2023-10-12,372,545,118,172,North
2023-10-13,367,496,116,170,North
2023-10-14,395,464,125,183,North
2023-10-15,350,438,111,162,North
2023-10-16,314,407,99,145,North
2023-10-17,468,384,148,216,North
2023-10-18,390,377,123,180,North
2023-10-19,460,389,145,212,North
2023-10-20,549,412,173,254,North
2023-10-21,442,418,140,204,North
2023-10-22,315,412,100,146,North
2023-10-23,407,428,129,188,North
2023-10-24,329,407,104,152,North
2023-10-25,475,418,150,219,North
2023-10-26,402,411,127,186,North
2023-10-27,329,382,104,152,North
2023-10-28,372,372,117,172,North
2023-10-29,277,365,87,128,North
2023-10-30,667,392,211,308,North
2023-10-31,366,398,116,169,North
2023-11-01,481,399,152,222,North
2023-11-02,431,403,136,199,North
2023-11-03,193,373,61,89,North
2023-11-04,230,348,73,106,North
2023-11-05,272,347,86,126,North
2023-11-06,268,305,85,124,North
2023-11-07,183,276,58,85,North
2023-11-08,372,266,118,172,North
2023-11-09,390,263,123,180,North
2023-11-10,287,278,91,132,North
2023-11-11,296,288,93,137,North
2023-11-12,373,301,118,172,North
2023-11-13,256,299,81,118,North
2023-11-14,1767,414,558,816,North
2023-11-15,424,422,134,196,North
2023-11-16,468,433,148,216,North
2023-11-17,418,457,132,193,North
2023-11-18,315,461,99,145,North
2023-11-19,387,463,122,179,North
2023-11-20,188,443,59,87,North
2023-11-21,434,363,137,200,North
2023-11-22,380,357,120,176,North
2023-11-23,325,339,103,150,North
2023-11-24,608,358,192,281,North
2023-11-25,601,392,190,278,North
2023-11-26,498,407,157,230,North
2023-11-27,557,475,176,257,North
2023-11-28,440,476,139,203,North
2023-11-29,588,506,186,272,North
2023-11-30,791,575,250,365,North
2023-12-01,750,592,237,346,North
2023-12-02,677,602,214,313,North
2023-12-03,617,621,195,285,North
2023-12-04,943,669,298,435,North
2023-12-05,799,729,253,369,North
2023-12-06,966,783,305,446,North
2023-12-07,1081,818,341,499,North
2023-12-08,618,796,195,285,North
2023-12-09,923,832,292,427,North
2023-12-10,892,877,282,412,North
2023-12-11,877,868,277,405,North
2023-12-12,964,892,305,445,North
2023-12-13,1417,942,448,655,North
2023-12-14,1091,943,345,504,North
2023-12-15,1367,1057,432,632,North
2023-12-16,990,1067,313,457,North
2023-12-17,1025,1089,324,473,North
2023-12-18,1089,1123,344,503,North
2023-12-19,1176,1155,372,543,North
2023-12-20,1252,1135,396,578,North
2023-12-21,1198,1150,379,554,North
2023-12-22,2214,1232,700,1023,North
2023-12-23,1675,1328,529,774,North
2023-12-24,1769,1436,559,817,North
2023-12-25,2115,1579,668,977,North
2023-12-26,3689,1859,1166,1705,North
2023-12-27,2780,2084,878,1284,North
2023-12-28,2810,2353,888,1298,North
2023-12-29,2013,2322,636,930,North
2023-12-30,2523,2462,797,1166,North
2023-12-31,2320,2559,733,1072,North
2024-01-01,3443,2743,1088,1591,North
2024-01-02,2428,2584,767,1122,North
2024-01-03,2411,2532,762,1114,North
2024-01-04,1813,2378,573,837,North
2024-01-05,1780,2337,563,822,North
2024-01-06,1764,2220,557,815,North
2024-01-07,1295,2043,409,598,North
2024-01-08,1222,1762,386,565,North
2024-01-09,1184,1590,374,547,North
2024-01-10,1262,1450,399,583,North
2024-01-11,1270,1378,401,587,North
2024-01-12,1076,1283,340,497,North
2024-01-13,802,1146,253,371,North
2024-01-14,977,1101,309,451,North
2024-01-15,1091,1083,345,504,North
2024-01-16,812,1026,257,375,North
2024-01-17,716,946,226,331,North
2024-01-18,1178,936,372,544,North
2024-01-19,852,905,269,394,North
2024-01-20,904,921,286,418,North
2024-01-21,866,905,274,400,North
2024-01-22,1155,913,365,534,North
2024-01-23,1127,956,356,521,North
2024-01-24,1531,1066,484,707,North
2024-01-25,911,1028,288,421,North
2024-01-26,901,1036,285,416,North
2024-01-27,591,975,187,273,North
2024-01-28,753,956,238,348,North
2024-01-29,786,905,248,363,North
2024-01-30,1044,895,330,482,North
2024-01-31,915,831,289,423,North
2024-02-01,1022,845,323,472,North
2024-02-02,947,851,299,438,North
2024-02-03,879,901,278,406,North
2024-02-04,1092,950,345,505,North
2024-02-05,870,964,275,402,North
2024-02-06,732,916,231,338,North
2024-02-07,899,914,284,416,North
2024-02-08,1114,925,352,515,North
2024-02-09,880,915,278,407,North
2024-02-10,1061,940,335,490,North
2024-02-11,828,904,262,382,North
2024-02-12,622,862,196,287,North
2024-02-13,461,806,146,213,North
2024-02-14,758,787,240,350,North
2024-02-15,895,763,283,414,North
2024-02-16,672,734,212,310,North
2024-02-17,502,659,159,232,North
2024-02-18,536,620,169,248,North
2024-02-19,549,609,173,254,North
2024-02-20,483,613,153,223,North
2024-02-21,508,579,160,235,North
2024-02-22,462,527,146,214,North
2024-02-23,472,501,149,218,North
2024-02-24,532,505,168,246,North
2024-02-25,492,499,156,228,North
2024-02-26,398,476,126,184,North
2024-02-27,461,473,146,213,North
2024-02-28,647,490,205,299,North
2024-02-29,471,491,149,218,North
2024-03-01,579,506,183,268,North
2024-03-02,334,474,106,154,North
2024-03-03,265,434,84,123,North
2024-03-04,243,404,77,112,North
2024-03-05,341,387,108,157,North
2024-03-06,620,384,196,286,North
2024-03-07,2546,489,805,1176,North
2024-03-08,404,465,128,187,North
2024-03-09,429,481,135,198,North
2024-03-10,360,503,114,166,North
2024-03-11,407,541,128,188,North
2024-03-12,402,554,127,186,North
2024-03-13,358,513,113,165,North
2024-03-14,325,382,103,150,North
2024-03-15,293,365,93,135,North
2024-03-16,250,338,79,115,North
2024-03-17,275,325,87,127,North
2024-03-18,451,330,142,208,North
2024-03-19,256,309,81,118,North
2024-03-20,257,295,81,119,North
2024-03-21,289,290,91,134,North
2024-03-22,500,313,158,231,North
2024-03-23,422,337,133,195,North
2024-03-24,378,353,119,175,North
2024-03-25,532,361,168,246,North
2024-03-26,389,384,123,180,North
2024-03-27,511,423,162,236,North
2024-03-28,366,438,116,169,North
2024-03-29,256,398,81,118,North
2024-03-30,357,388,113,165,North
2024-03-31,474,401,150,219,North
2024-04-01,405,386,128,187,North
2024-04-02,507,401,160,234,North
2024-04-03,286,369,90,132,North
2024-04-04,315,361,99,145,North
2024-04-05,293,368,92,135,North
2024-04-06,284,356,90,131,North
2024-04-07,199,315,63,92,North
2024-04-08,287,300,91,133,North
2024-04-09,311,279,98,144,North
2024-04-10,272,277,86,126,North
2024-04-11,303,276,96,140,North
2024-04-12,267,272,84,123,North
2024-04-13,253,268,80,117,North
2024-04-14,327,287,103,151,North
2024-04-15,168,266,53,78,North
2024-04-16,217,253,69,100,North
2024-04-17,309,258,98,143,North
2024-04-18,300,257,95,139,North
2024-04-19,310,263,98,143,North
2024-04-20,171,249,54,79,North
2024-04-21,591,271,187,273,North
2024-04-22,212,280,67,98,North
2024-04-23,165,269,52,76,North
2024-04-24,216,256,68,100,North
2024-04-25,318,258,101,147,North
2024-04-26,354,263,112,163,North
2024-04-27,389,295,123,180,North
2024-04-28,415,281,131,192,North
2024-04-29,313,297,99,144,North
2024-04-30,230,311,73,106,North
2024-05-01,635,363,201,293,North
2024-05-02,337,366,107,156,North
2024-05-03,415,375,131,192,North
2024-05-04,323,365,102,149,North
2024-05-05,263,342,83,121,North
2024-05-06,274,335,87,127,North
2024-05-07,305,349,96,141,North
2024-05-08,379,324,120,175,North
2024-05-09,281,316,89,130,North
2024-05-10,373,311,118,172,North
2024-05-11,244,299,77,113,North
2024-05-12,235,294,74,108,North
2024-05-13,274,294,86,126,North
2024-05-14,225,281,71,104,North
2024-05-15,417,285,132,193,North
2024-05-16,332,292,105,154,North
2024-05-17,406,296,128,188,North
2024-05-18,359,313,113,166,North
2024-05-19,259,317,82,120,North
2024-05-20,429,338,135,198,North
2024-05-21,342,359,108,158,North
2024-05-22,374,353,118,173,North
2024-05-23,523,377,165,242,North
2024-05-24,634,402,200,293,North
2024-05-25,510,423,161,236,North
2024-05-26,1424,539,450,658,North
2024-05-27,529,555,167,244,North
2024-05-28,373,562,118,172,North
2024-05-29,618,604,195,285,North
2024-05-30,508,602,160,235,North
2024-05-31,266,531,84,123,North
2024-06-01,354,504,112,164,North
2024-06-02,529,438,167,244,North
2024-06-03,559,441,177,258,North
2024-06-04,472,456,149,218,North
2024-06-05,371,424,117,171,North
2024-06-06,290,392,92,134,North
2024-06-07,587,438,185,271,North
2024-06-08,288,426,91,133,North
2024-06-09,545,428,172,252,North
2024-06-10,509,422,161,235,North
2024-06-11,312,398,98,144,North
2024-06-12,437,407,138,202,North
2024-06-13,352,418,111,163,North
2024-06-14,3057,530,966,1412,North
2024-06-15,406,556,128,187,North
2024-06-16,565,559,179,261,North
2024-06-17,510,559,161,236,North
2024-06-18,484,596,153,224,North
2024-06-19,522,611,165,241,North
2024-06-20,504,643,159,233,North
2024-06-21,442,488,140,204,North
2024-06-22,730,531,231,337,North
2024-06-23,547,528,173,253,North
2024-06-24,451,519,142,208,North
2024-06-25,545,528,172,252,North
2024-06-26,691,549,218,319,North
2024-06-27,749,581,237,346,North
2024-06-28,835,636,264,386,North
2024-06-29,693,632,219,320,North
2024-06-30,701,655,222,324,North
2024-07-01,542,672,171,250,North
2024-07-02,761,705,240,351,North
2024-07-03,790,719,250,365,North
2024-07-04,1270,775,401,587,North
2024-07-05,734,761,232,339,North
2024-07-06,842,782,266,389,North
2024-07-07,899,810,284,415,North
2024-07-08,908,872,287,419,North
2024-07-09,532,829,168,246,North
2024-07-10,688,813,217,318,North
2024-07-11,900,774,284,416,North
2024-07-12,956,804,302,442,North
2024-07-13,855,805,270,395,North
2024-07-14,818,795,258,378,North
2024-07-15,818,783,258,378,North
2024-07-16,936,848,296,433,North
2024-07-17,719,854,227,332,North
2024-07-18,774,836,245,358,North
2024-07-19,716,802,226,331,North
2024-07-20,608,764,192,281,North
2024-07-21,600,731,190,277,North
2024-07-22,940,746,297,434,North
2024-07-23,471,676,149,217,North
2024-07-24,743,679,235,343,North
2024-07-25,706,670,223,326,North
2024-07-26,1552,748,491,717,North
2024-07-27,613,749,194,283,North
2024-07-28,456,720,144,211,North
2024-07-29,503,659,159,232,North
2024-07-30,569,677,180,263,North
2024-07-31,563,651,178,260,North
2024-08-01,591,634,187,273,North
2024-08-02,585,552,185,270,North
2024-08-03,583,548,184,269,North
2024-08-04,714,584,226,330,North
2024-08-05,435,572,137,201,North
2024-08-06,568,572,179,262,North
2024-08-07,990,620,313,457,North
2024-08-08,828,650,262,383,North
2024-08-09,609,654,193,281,North
2024-08-10,666,667,210,308,North
2024-08-11,739,670,233,341,North
2024-08-12,645,709,204,298,North
2024-08-13,755,738,239,349,North
2024-08-14,371,642,117,171,North
2024-08-15,771,635,244,356,North
2024-08-16,626,638,198,289,North
2024-08-17,647,635,205,299,North
2024-08-18,670,626,212,309,North
2024-08-19,561,614,177,259,North
2024-08-20,1445,674,457,668,North
2024-08-21,554,713,175,256,North
2024-08-22,519,674,164,240,North
2024-08-23,662,680,209,306,North
2024-08-24,477,651,151,220,North
2024-08-25,520,627,164,240,North
2024-08-26,449,608,142,208,North
2024-08-27,653,543,206,302,North
2024-08-28,836,576,264,386,North
2024-08-29,521,576,165,241,North
2024-08-30,1129,621,357,522,North
2024-08-31,477,621,151,220,North
2024-09-01,335,584,106,155,North
2024-09-02,454,584,143,210,North
2024-09-03,428,550,135,198,North
2024-09-04,346,485,109,160,North
2024-09-05,392,466,124,181,North
2024-09-06,438,407,138,202,North
2024-09-07,498,409,157,230,North
2024-09-08,542,438,171,250,North
2024-09-09,449,438,142,207,North
2024-09-10,229,400,72,106,North
2024-09-11,357,402,113,165,North
2024-09-12,722,439,228,334,North
2024-09-13,2198,552,695,1016,North
2024-09-14,975,608,308,451,North
2024-09-15,236,540,75,109,North
2024-09-16,448,540,142,207,North
2024-09-17,263,551,83,121,North
2024-09-18,190,503,60,88,North
2024-09-19,321,448,102,148,North
2024-09-20,286,335,90,132,North
2024-09-21,161,259,51,74,North
2024-09-22,268,264,85,124,North
2024-09-23,288,248,91,133,North
2024-09-24,211,240,67,97,North
2024-09-25,340,261,107,157,North
2024-09-26,355,264,112,164,North
2024-09-27,257,260,81,119,North
2024-09-28,259,279,82,120,North
2024-09-29,222,271,70,102,North
2024-09-30,227,262,72,105,North
2024-10-01,147,249,46,68,North
2024-10-02,241,237,76,111,North
2024-10-03,354,237,112,164,North
2024-10-04,254,236,80,117,North
2024-10-05,138,216,44,64,North
2024-10-06,179,210,56,82,North
2024-10-07,206,207,65,95,North
2024-10-08,176,212,55,81,North
2024-10-09,210,208,66,97,North
2024-10-10,350,208,111,162,North
2024-10-11,289,211,91,133,North
2024-10-12,242,229,76,112,North
2024-10-13,181,229,57,83,North
2024-10-14,205,229,65,95,North
2024-10-15,132,220,42,61,North
2024-10-16,116,202,37,54,North
2024-10-17,225,190,71,104,North
2024-10-18,266,188,84,123,North
2024-10-19,214,185,68,99,North
2024-10-20,114,173,36,52,North
2024-10-21,181,170,57,84,North
2024-10-22,176,177,56,81,North
2024-10-23,166,186,52,77,North
2024-10-24,150,175,47,69,North
2024-10-25,145,161,46,67,North
2024-10-26,107,146,34,50,North
2024-10-27,146,151,46,68,North
2024-10-28,106,140,34,49,North
2024-10-29,109,131,35,51,North
2024-10-30,108,123,34,50,North
2024-10-31,895,159,283,413,North
2024-11-01,177,163,56,82,North
2024-11-02,301,189,95,139,North
2024-11-03,195,197,62,90,North
2024-11-04,136,204,43,63,North
2024-11-05,117,206,37,54,North
2024-11-06,122,210,39,56,North
2024-11-07,115,157,36,53,North
2024-11-08,173,156,55,80,North
2024-11-09,99,133,31,46,North
2024-11-10,185,132,59,86,North
2024-11-11,153,135,48,71,North
2024-11-12,347,157,110,160,North
2024-11-13,111,155,35,51,North
2024-11-14,96,151,30,44,North
2024-11-15,134,146,42,62,North
2024-11-16,83,142,26,38,North
2024-11-17,63,122,20,29,North
2024-11-18,133,119,42,61,North
2024-11-19,133,104,42,61,North
2024-11-20,110,104,35,51,North
2024-11-21,147,110,47,68,North
2024-11-22,106,107,33,49,North
2024-11-23,235,124,74,109,North
2024-11-24,188,45,NA,NA,North
2024-11-25,182,146,57,84,North
2024-11-26,408,176,129,188,North
2024-11-27,268,204,85,124,North
2024-11-28,144,204,46,67,North
2024-11-29,290,241,92,134,North
2024-11-30,456,269,144,210,North
2024-12-01,166,251,52,76,North
2024-12-02,240,261,76,111,North
2024-12-03,100,214,32,46,North
2024-12-04,388,225,123,179,North
2024-12-05,635,279,201,293,North
2024-12-06,409,293,129,189,North
2024-12-07,447,292,141,206,North
2024-12-08,558,347,176,258,North
2024-12-09,598,395,189,276,North
2024-12-10,317,466,100,147,North
2024-12-11,430,473,136,199,North
2024-12-12,378,439,120,175,North
2024-12-13,355,430,112,164,North
2024-12-14,345,415,109,159,North
2024-12-15,298,379,94,138,North
2024-12-16,441,363,139,204,North
2024-12-17,1166,437,369,539,North
2024-12-18,744,473,235,344,North
2024-12-19,664,512,210,307,North
2024-12-20,991,593,313,458,North
2024-12-21,656,651,207,303,North
2024-12-22,2111,860,667,975,North
2024-12-23,691,917,218,319,North
2024-12-24,377,781,119,174,North
2024-12-25,634,763,200,293,North
2024-12-26,1179,828,373,545,North
2024-12-27,649,780,205,300,North
2024-12-28,912,817,288,422,North
2024-12-29,780,709,246,360,North
2024-12-30,791,723,250,366,North
2024-12-31,659,783,208,305,North
2025-01-01,883,821,279,408,North
2025-01-02,915,792,289,423,North
2025-01-03,1210,865,382,559,North
2025-01-04,773,845,244,357,North
2025-01-05,1135,892,359,524,North
2025-01-06,683,873,216,316,North
2025-01-07,520,844,164,240,North
2025-01-08,1748,930,552,808,North
2025-01-09,1171,964,370,541,North
2025-01-10,689,889,218,318,North
2025-01-11,707,878,224,327,North
2025-01-12,359,745,113,166,North
2025-01-13,487,710,154,225,North
2025-01-14,387,681,122,179,North
2025-01-15,573,580,181,265,North
2025-01-16,454,507,143,210,North
2025-01-17,443,476,140,205,North
2025-01-18,307,422,97,142,North
2025-01-19,378,425,119,175,North
2025-01-20,993,471,314,459,North
2025-01-21,456,482,144,211,North
2025-01-22,625,488,197,289,North
2025-01-23,632,512,200,292,North
2025-01-24,585,532,185,270,North
2025-01-25,685,597,217,317,North
2025-01-26,779,662,246,360,North
2025-01-27,534,606,169,247,North
2025-01-28,663,639,210,306,North
2025-01-29,786,661,248,363,North
2025-01-30,568,651,180,263,North
2025-01-31,606,654,191,280,North
2025-02-01,271,573,86,125,North
2025-02-02,484,535,153,223,North
2025-02-03,582,542,184,269,North
2025-02-04,364,497,115,168,North
2025-02-05,450,459,142,208,North
2025-02-06,507,452,160,234,North
2025-02-07,396,425,125,183,North
2025-02-08,423,453,134,195,North
2025-02-09,364,435,115,168,North
2025-02-10,419,415,132,194,North
2025-02-11,290,402,92,134,North
2025-02-12,369,391,117,170,North
2025-02-13,389,376,123,180,North
2025-02-14,148,327,47,68,North
2025-02-15,623,345,197,288,North
2025-02-16,336,341,106,155,North
2025-02-17,302,326,95,139,North
2025-02-18,447,346,141,207,North
2025-02-19,322,340,102,149,North
2025-02-20,282,325,89,130,North
2025-02-21,259,351,82,120,North
2025-02-22,165,291,52,76,North
2025-02-23,238,277,75,110,North
2025-02-24,226,266,72,105,North
2025-02-25,159,229,50,73,North
2025-02-26,128,201,40,59,North
2025-02-27,323,205,102,149,North
2025-02-28,281,207,89,130,North
2025-03-01,175,209,55,81,North
2025-03-02,280,214,88,129,North
2025-03-03,244,216,77,113,North
2025-03-04,172,219,54,79,North
2025-03-05,2626,337,830,1213,North
2025-03-06,156,303,49,72,North
2025-03-07,277,303,88,128,North
2025-03-08,381,338,121,176,North
2025-03-09,296,341,94,137,North
2025-03-10,314,354,99,145,North
2025-03-11,191,359,60,88,North
2025-03-12,289,262,91,133,North
2025-03-13,261,282,82,121,North
2025-03-14,303,285,96,140,North
2025-03-15,359,283,113,166,North
2025-03-16,269,279,85,124,North
2025-03-17,217,265,69,100,North
2025-03-18,173,261,55,80,North
2025-03-19,303,263,96,140,North
2025-03-20,252,262,80,116,North
2025-03-21,239,253,76,111,North
2025-03-22,351,252,111,162,North
2025-03-23,296,256,94,137,North
2025-03-24,212,255,67,98,North
2025-03-25,194,259,61,89,North
2025-03-26,313,260,99,145,North
2025-03-27,156,243,49,72,North
2025-03-28,298,251,94,138,North
2025-03-29,748,279,237,346,North
2025-03-30,246,272,78,113,North
2025-03-31,259,280,82,119,North
2025-04-01,206,282,65,95,North
2025-04-02,224,269,71,103,North
2025-04-03,492,317,155,227,North
2025-04-04,640,354,202,296,North
2025-04-05,318,313,101,147,North
2025-04-06,195,303,62,90,North
2025-04-07,286,307,90,132,North
2025-04-08,179,301,57,83,North
2025-04-09,36,232,12,17,North
2025-04-10,445,229,141,205,North
2025-04-11,180,191,57,83,North
2025-04-12,255,185,80,118,North
2025-04-13,127,174,40,59,North
2025-04-14,209,167,66,97,North
2025-04-15,116,157,37,54,North
2025-04-16,229,203,72,106,North
2025-04-17,181,179,57,84,North
2025-04-18,216,184,68,100,North
2025-04-19,190,176,60,88,North
2025-04-20,183,185,58,85,North
2025-04-21,96,166,30,44,North
2025-04-22,160,174,51,74,North
2025-04-23,138,162,44,64,North
2025-04-24,126,153,40,58,North
2025-04-25,184,150,58,85,North
2025-04-26,168,147,53,78,North
2025-04-27,174,146,55,81,North
2025-04-28,145,155,46,67,North
2025-04-29,148,153,47,68,North
2025-04-30,358,176,113,165,North
2025-05-01,99,170,31,46,North
2025-05-02,138,163,44,64,North
2025-05-03,122,156,39,57,North
2025-05-04,191,158,60,88,North
2025-05-05,107,151,34,49,North
2025-05-06,201,158,63,93,North
2025-05-07,129,137,41,60,North
2025-05-08,91,135,29,42,North
2025-05-09,152,137,48,70,North
2025-05-10,149,141,47,69,North
2025-05-11,205,142,65,95,North
2025-05-12,99,141,31,46,North
2025-05-13,130,132,41,60,North
2025-05-14,91,126,29,42,North
2025-05-15,180,139,57,83,North
2025-05-16,186,143,59,86,North
2025-05-17,156,144,49,72,North
2025-05-18,81,126,26,37,North
2025-05-19,74,121,23,34,North
2025-05-20,117,119,37,54,North
2025-05-21,190,132,60,88,North
2025-05-22,136,127,43,63,North
2025-05-23,133,121,42,61,North
2025-05-24,130,118,41,60,North
2025-05-25,113,123,36,52,North
2025-05-26,85,126,27,39,North
2025-05-27,96,122,30,45,North
2025-05-28,128,116,41,59,North
2025-05-29,257,127,81,119,North
2025-05-30,224,137,71,104,North
2025-05-31,472,164,149,218,North
2025-06-01,142,170,45,66,North
2025-06-02,161,186,51,74,North
2025-06-03,87,183,27,40,North
2025-06-04,118,181,37,54,North
2025-06-05,180,172,57,83,North
2025-06-06,157,164,50,73,North
2025-06-07,129,136,41,59,North
2025-06-08,134,135,42,62,North
2025-06-09,92,124,29,42,North
2025-06-10,81,123,26,37,North
2025-06-11,233,136,74,108,North
2025-06-12,223,140,70,103,North
2025-06-13,223,147,70,103,North
2025-06-14,108,143,34,50,North
2025-06-15,109,139,35,51,North
2025-06-16,143,148,45,66,North
2025-06-17,63,143,20,29,North
2025-06-18,164,136,52,76,North
2025-06-19,226,136,71,104,North
2025-06-20,49,110,16,23,North
2025-06-21,199,120,63,92,North
2025-06-22,65,112,21,30,North
2025-06-23,112,108,36,52,North
2025-06-24,79,111,25,37,North
2025-06-25,193,114,61,89,North
2025-06-26,160,108,51,74,North
2025-06-27,130,125,41,60,North
2025-06-28,88,111,28,41,North
2025-06-29,78,114,25,36,North
2025-06-30,123,115,39,57,North
2025-07-01,95,118,30,44,North
2025-07-02,97,107,31,45,North
2025-07-03,97,100,31,45,North
2025-07-04,113,98,36,52,North
2025-07-05,90,98,28,42,North
2025-07-06,58,94,18,27,North
2025-07-07,36,79,11,17,North
2025-07-08,21,63,6,9,North
2025-07-09,50,58,16,23,North
2025-07-10,137,61,43,63,North
2025-07-11,111,60,35,51,North
2025-07-12,81,60,25,37,North
2025-07-13,137,67,43,63,North
2025-07-14,127,81,40,59,North
2025-07-15,120,104,38,55,North
2025-07-16,118,117,37,54,North
2025-07-17,143,118,45,66,North
2025-07-18,105,117,33,48,North
2025-07-19,76,116,24,35,North
2025-07-20,151,117,48,70,North
2025-07-21,132,118,42,61,North
2025-07-22,156,123,49,72,North
2025-07-23,145,126,46,67,North
2025-07-24,93,119,29,43,North
2025-07-25,170,127,54,79,North
2025-07-26,148,140,47,68,North
2025-07-27,132,137,42,61,North
2025-07-28,165,142,52,76,North
2025-07-29,125,137,39,58,North
2025-07-30,122,134,39,56,North
2025-07-31,149,143,47,69,North
2025-08-01,115,135,36,53,North
2025-08-02,130,133,41,60,North
2025-08-03,222,143,70,103,North
2025-08-04,207,148,66,96,North
2025-08-05,161,154,51,74,North
2025-08-06,178,162,56,82,North
2025-08-07,261,176,83,121,North
2025-08-08,174,187,55,80,North
2025-08-09,278,208,88,129,North
2025-08-10,382,225,121,176,North
2025-08-11,262,232,83,121,North
2025-08-12,155,231,49,71,North
2025-08-13,329,252,104,152,North
2025-08-14,354,263,112,163,North
2025-08-15,144,256,45,66,North
2025-08-16,487,277,154,225,North
2025-08-17,254,262,80,118,North
2025-08-18,191,250,60,88,North
2025-08-19,279,272,88,129,North
2025-08-20,185,251,59,86,North
2025-08-21,523,265,165,241,North
2025-08-22,176,273,56,81,North
2025-08-23,279,252,88,129,North
2025-08-24,301,258,95,139,North
2025-08-25,346,281,109,160,North
2025-08-26,310,285,98,143,North
2025-08-27,243,296,77,112,North
2025-08-28,176,254,56,81,North
2025-08-29,364,281,115,168,North
2025-08-30,282,282,89,130,North
2025-08-31,345,287,109,159,North
2025-09-01,311,283,98,144,North
2025-09-02,353,289,112,163,North
2025-09-03,407,311,129,188,North
2025-09-04,241,325,76,111,North
2025-09-05,381,327,121,176,North
2025-09-06,204,312,65,94,North
2025-09-07,252,299,80,116,North
2025-09-08,181,276,57,84,North
2025-09-09,312,272,99,144,North
2025-09-10,750,296,237,347,North
2025-09-11,555,334,176,257,North
2025-09-12,49,249,15,23,North
2025-09-13,387,273,122,179,North
2025-09-14,324,283,102,150,North
2025-09-15,491,326,155,227,North
2025-09-16,373,334,118,172,North
2025-09-17,497,315,157,229,North
2025-09-18,602,319,190,278,North
2025-09-19,303,414,96,140,North
2025-09-20,172,368,54,79,North
2025-09-21,130,324,41,60,North
2025-09-22,165,277,52,76,North
2025-09-23,216,256,68,100,North
2025-09-24,101,204,32,47,North
2025-09-25,294,184,93,136,North
2025-09-26,217,176,69,100,North
2025-09-27,320,192,101,148,North
2025-09-28,220,207,69,101,North
2025-09-29,334,229,105,154,North
2025-09-30,208,228,66,96,North
2025-10-01,379,275,120,175,North
2025-10-02,347,281,110,160,North
2025-10-03,94,249,30,43,North
2025-10-04,215,236,68,99,North
2025-10-05,167,227,53,77,North
2025-10-06,184,208,58,85,North
2025-10-07,112,191,35,52,North
2025-10-08,119,162,38,55,North
2025-10-09,133,141,42,61,North
2025-10-10,225,160,71,104,North
2025-10-11,395,174,125,182,North
2025-10-12,246,184,78,114,North
2025-10-13,456,209,144,211,North
2025-10-14,90,203,28,42,North
2025-10-15,102,199,32,47,North
2025-10-16,172,40,NA,NA,North
2025-10-17,162,188,51,75,North
2025-10-18,259,177,82,120,North
2025-10-19,109,158,34,50,North
2025-10-20,106,128,34,49,North
2025-10-21,84,127,26,39,North
2025-10-22,168,136,53,78,North
2025-10-23,205,146,65,95,North
2025-10-24,127,141,40,59,North
2025-10-25,95,122,30,44,North
2025-10-26,62,113,20,29,North
2025-10-27,62,104,20,29,North
2025-10-28,676,141,214,312,North
2025-10-29,98,130,31,45,North
2025-10-30,157,125,50,72,North
2025-10-31,61,113,19,28,North
2025-11-01,74,109,23,34,North
2025-11-02,199,128,63,92,North
2025-11-03,102,138,32,47,North
2025-11-04,166,113,52,76,North
2025-11-05,61,105,19,28,North
2025-11-06,98,98,31,45,North
2025-11-07,274,122,86,126,North
2025-11-08,129,132,41,60,North
2025-11-09,118,123,37,54,North
2025-11-10,123,126,39,57,North
2025-11-11,79,113,25,37,North
2025-11-12,164,131,52,76,North
2025-11-13,129,136,41,60,North
2025-11-14,93,116,29,43,North
2025-11-15,100,112,32,46,North
2025-11-16,56,101,18,26,North
2025-11-17,131,102,41,61,North
2025-11-18,98,105,31,45,North
2025-11-19,149,104,47,69,North
2025-11-20,136,104,43,63,North
2025-11-21,120,108,38,55,North
2025-11-22,359,130,113,166,North
2025-11-23,106,142,33,49,North
2025-11-24,293,160,92,135,North
2025-11-25,159,171,50,74,North
2025-11-26,427,199,135,197,North
2025-11-27,203,211,64,94,North
2025-11-28,100,205,32,46,North
2025-11-29,196,188,62,90,North
2025-11-30,235,211,74,109,North
2025-12-01,128,188,41,59,North
2025-12-02,245,200,78,113,North
2025-12-03,236,183,74,109,North
2025-12-04,442,205,140,204,North
2025-12-05,159,219,50,73,North
2025-12-06,173,215,55,80,North
2025-12-07,121,196,38,56,North
2025-12-08,154,201,49,71,North
2025-12-09,214,197,68,99,North
2025-12-10,290,203,92,134,North
2025-12-11,344,196,109,159,North
2025-12-12,677,241,214,313,North
2025-12-13,204,247,65,94,North
2025-12-14,214,267,68,99,North
2025-12-15,166,270,53,77,North
2025-12-16,241,275,76,111,North
2025-12-17,274,273,87,127,North
2025-12-18,391,278,124,181,North
2025-12-19,351,253,111,162,North
2025-12-20,190,250,60,88,North
2025-12-21,111,228,35,51,North
2025-12-22,326,251,103,151,North
2025-12-23,205,245,65,95,North
2025-12-24,217,237,69,100,North
2025-12-25,255,223,81,118,North
2025-12-26,303,218,96,140,North
2025-12-27,524,252,166,242,North
2025-12-28,277,288,87,128,North
2025-12-29,575,312,182,266,North
2025-12-30,398,343,126,184,North
2025-12-31,623,399,197,288,North
2026-01-01,912,478,288,421,North
2026-01-02,554,521,175,256,North
2026-01-03,377,497,119,174,North
2026-01-04,487,539,154,225,North
2026-01-05,400,512,127,185,North
2026-01-06,457,522,145,211,North
2026-01-07,543,512,172,251,North
2026-01-08,290,435,92,134,North
2026-01-09,520,431,164,240,North
2026-01-10,379,431,120,175,North
2026-01-11,352,412,111,163,North
2026-01-12,615,438,194,284,North
2026-01-13,596,455,188,275,North
2026-01-14,298,417,94,138,North
2026-01-15,568,459,180,263,North
2026-01-16,254,415,80,117,North
2026-01-17,227,385,72,105,North
2026-01-18,153,342,48,70,North
2026-01-19,323,312,102,149,North
2026-01-20,265,278,84,123,North
2026-01-21,183,259,58,85,North
2026-01-22,301,237,95,139,North
2026-01-23,308,243,97,142,North
2026-01-24,189,237,60,87,North
2026-01-25,190,244,60,88,North
2026-01-26,112,210,35,52,North
2026-01-27,237,207,75,109,North
2026-01-28,247,216,78,114,North
2026-01-29,237,208,75,109,North
2026-01-30,343,212,108,158,North
2026-01-31,101,194,32,47,North
2026-02-01,193,194,61,89,North
2026-02-02,225,215,71,104,North
2026-02-03,211,NA,NA,NA,North
2026-02-04,199,204,63,92,North
2026-02-05,197,NA,NA,NA,North
2026-02-06,200,177,63,92,North
2026-02-07,251,213,79,116,North
2026-02-08,72,174,23,33,North
2026-02-09,173,166,55,80,North
2026-02-10,123,158,39,57,North
2026-02-11,129,147,41,60,North
2026-02-12,106,140,34,49,North
2026-02-13,146,134,46,67,North
2026-02-14,38,102,12,17,North
2026-02-15,178,116,56,82,North
2026-02-16,165,115,52,76,North
2026-02-17,113,114,36,52,North
