date,covid,covid_unsmoothed,lower_ci,upper_ci,level,activity_category
2022-12-12,1272.2252012914041,1272.2252012914041,1122.5549964291486,1421.89540615366,high,not calculated
2022-12-14,1519.3617452550134,1892.489268427603,1480.4376710743213,2304.540865780885,high,not calculated
2022-12-16,1643.737586312543,1233.7292828029963,945.332825740323,1522.1257398656696,high,not calculated
2022-12-19,1917.2629567009997,1766.4982892186226,1404.9247491035521,2128.071829333693,high,not calculated
2022-12-21,2060.117514690073,2377.719342569972,1542.9680672694467,3212.4706178704973,high,not calculated
2022-12-23,2263.8578658071897,2092.8013124567738,1832.23320889474,2353.369416018807,high,not calculated
2022-12-26,2263.8578658071897,2321.0529423948237,1932.2793173066054,2709.8265674830423,high,not calculated
2022-12-27,3009.4107758522264,5201.670290921211,3348.9690205133616,7054.37156132906,high,not calculated
2022-12-28,3076.786200388336,1580.5088930592512,1429.8876316993221,1731.1301544191806,high,not calculated
2023-01-02,2882.0659461588593,4614.378072705082,4276.215955293707,4952.540190116455,high,not calculated
2023-01-04,1870.7762196102487,2294.927586065103,1965.9773585482221,2623.877813581983,high,not calculated
2023-01-06,2000.6650614778146,1736.8921797063924,1431.7608497320084,2042.0235096807764,high,not calculated
2023-01-09,1662.6194963046203,1280.7908905455188,1164.069329120822,1397.5124519702156,high,not calculated
2023-01-11,1644.1532416234431,1970.1754186619492,1801.062101365959,2139.288735957939,high,not calculated
2023-01-13,1721.9143212752954,1008.2134307062729,927.347066680406,1089.0797947321398,high,not calculated
2023-01-16,1631.0551679955468,1914.7766546184184,1716.4047285920194,2113.1485806448172,high,not calculated
2023-01-18,1564.4885635237908,2176.282694703563,1667.7618372508757,2684.8035521562497,high,not calculated
2023-01-20,1756.0310684523463,403.8705965116008,314.0331502811181,493.7080427420836,high,not calculated
2023-01-23,1658.0493805445126,1770.475605246681,1626.4956171974275,1914.4555932959345,high,not calculated
2023-01-25,1658.0493805445126,1582.8409454919397,1392.39584172467,1773.2860492592094,high,not calculated
2023-01-27,1658.0493805445126,1620.831590894917,1151.4496425421307,2090.2135392477035,high,not calculated
2023-01-30,1647.8542919657662,2094.1114414360804,1495.2015530362005,2693.0213298359604,high,not calculated
2023-02-01,1531.1224780236355,1232.6455036655475,1078.4256843800363,1386.865322951059,high,not calculated
2023-02-03,1231.438817400856,1739.8903395104414,1356.8554237883109,2122.9252552325725,high,not calculated
2023-02-06,1078.8970843322802,721.7806090265786,602.7511303918411,840.8100876613162,high,not calculated
2023-02-08,878.3339901125628,541.5136549521826,468.3472296963652,614.6800802080002,high,not calculated
2023-02-10,736.0414290828983,1282.2651403047144,881.1773037424116,1683.352976867017,high,not calculated
2023-02-13,855.4478851006186,630.9562210063953,454.0463193095276,807.8661227032629,high,not calculated
2023-02-15,866.6224644638414,855.3874572157208,786.2873786290597,924.4875358023818,high,not calculated
2023-02-17,729.1117092517719,1079.9999770797397,1003.9359594850943,1156.0639946743852,high,not calculated
2023-02-20,729.1117092517719,664.4799590960638,600.4532491482478,728.5066690438798,high,not calculated
2023-02-22,613.4467196259616,667.4677114435312,542.1612980990119,792.7741247880505,high,not calculated
2023-02-24,496.5480298194624,508.3924883382898,454.7182090841874,562.0667675923922,high,not calculated
2023-02-27,368.6416065319541,316.77164202403367,281.2244624684478,352.31882157961957,high,not calculated
2023-03-01,308.5639916258273,211.06920153471188,121.93889923645492,300.19950383296884,high,not calculated
2023-03-03,308.5639916258273,280.7606892335388,241.97603614858474,319.54534231849283,high,not calculated
2023-03-06,353.817147377473,328.1596436199095,291.6508822514989,364.66840498832005,high,not calculated
2023-03-08,444.6183654915447,452.53110927897046,387.6420846786263,517.4201338793147,high,not calculated
2023-03-10,444.6183654915447,645.3382556578827,553.9246440454021,736.7518672703632,high,not calculated
2023-03-13,550.3445695042022,553.1643435757538,504.2483233073749,602.0803638441329,high,not calculated
2023-03-15,483.2132678766891,180.40547951874314,156.5923681803684,204.21859085711787,high,not calculated
2023-03-17,542.8524493114286,824.2557999621009,649.8526566485654,998.6589432756364,high,not calculated
2023-03-20,503.819032876477,251.13720439643077,205.7786965626963,296.4957122301653,high,not calculated
2023-03-22,503.819032876477,1035.9446651909009,913.4732061706317,1158.41612421117,high,not calculated
2023-03-24,293.55292451103173,436.06409427089915,271.0524429628062,601.0757455789922,high,not calculated
2023-03-27,319.2266933001093,174.46222953173253,124.65394885486006,224.27051020860497,high,not calculated
2023-03-31,232.02607172038708,193.4574748657653,153.5413247501418,233.3736249813888,high,not calculated
2023-04-05,193.1855264210844,328.1585107636633,292.5591221631257,363.75789936420085,high,not calculated
2023-04-07,222.25496762048837,160.16414531501908,137.85696146227716,182.47132916776098,high,not calculated
2023-04-12,211.15719110357296,211.63687486575537,136.48434982903615,286.7893999024746,high,not calculated
2023-04-14,209.12183579240227,261.67055312994444,187.7878138107612,335.5532924491277,high,not calculated
2023-04-17,242.95730506404408,87.3935219113616,60.5865903783712,114.20045344435201,high,not calculated
2023-04-19,234.29878865799182,255.56448719643245,209.43348832819427,301.6954860646706,high,not calculated
2023-04-24,224.96080166778796,393.0870622426299,310.026235719955,476.1478887653047,high,not calculated
2023-04-26,257.9917013473812,185.66132564759855,124.76420091020337,246.5584503849937,high,not calculated
2023-04-28,234.69064749776987,233.65659215933283,159.0080279230188,308.30515639564686,high,not calculated
2023-05-01,217.9959256934954,284.75402468637833,243.30317232416581,326.2048770485909,high,not calculated
2023-05-03,201.09190188146582,134.94925421150978,47.17837495338663,222.72013346963294,high,not calculated
2023-05-05,165.00859289234512,234.6698592735548,176.6496537435419,292.6900648035677,high,not calculated
2023-05-08,109.66430025738411,68.62637246782234,48.990424047775534,88.26232088786914,high,not calculated
2023-05-10,142.90450194473246,125.40666519197079,78.1258200463725,172.68751033756905,high,not calculated
2023-05-12,109.03328711041041,68.63698136867175,53.87990165786627,83.39406107947723,high,not calculated
2023-05-15,129.89983192291157,423.8090062131409,346.37304965865786,501.24496276762386,high,not calculated
2023-05-17,229.3672789299683,133.0562147705887,100.15759290935567,165.95483663182173,high,not calculated
2023-05-19,229.3672789299683,131.2366158061753,96.21211062986336,166.26112098248723,high,not calculated
2023-05-22,142.0374576668064,447.3372501582873,344.30282657958395,550.3716737369907,high,not calculated
2023-05-24,172.7400853874263,116.96168969043279,58.265131732332435,175.65824764853318,high,not calculated
2023-05-26,167.98177668217878,161.81954242365526,124.56612572495061,199.07295912235992,high,not calculated
2023-05-29,130.4049051583328,225.16409793244827,181.71294535281348,268.6152505120831,high,not calculated
2023-05-31,139.03468197121217,111.60294270165592,89.19638943276006,134.0094959705518,high,not calculated
2023-06-02,157.92683588180898,112.43348336091039,79.89737938512029,144.9695873367005,high,not calculated
2023-06-05,122.29581539721237,142.85102012907083,105.37955803172571,180.32248222641599,high,not calculated
2023-06-07,129.5450379549636,218.49600415544572,182.96845645309878,254.02355185779268,high,not calculated
2023-06-09,133.3338682889487,39.900924162326966,31.051036823238494,48.75081150141544,high,not calculated
2023-06-12,114.89629678647742,133.35061037490948,53.09007904567632,213.61114170414265,high,not calculated
2023-06-16,114.89629678647742,123.79997436286585,80.20403607734788,167.3959126483838,high,not calculated
2023-06-19,131.1661089822064,87.53830562165696,49.75263263427058,125.32397860904332,high,not calculated
2023-06-21,115.89534073112222,136.34774220884384,93.38992011908363,179.30556429860408,high,not calculated
2023-06-23,108.52890690266327,158.91497735392707,123.44703794460551,194.38291676324866,high,not calculated
2023-06-26,93.23134845882771,41.64563029015029,29.354236172126896,53.93702440817367,medium,not calculated
2023-06-28,100.75376017385547,101.70067287748901,73.59313552677705,129.80821022820098,medium,not calculated
2023-06-30,352.9631845752497,37.0349402708282,23.85726283388783,50.21261770776857,high,not calculated
2023-07-03,364.3397086719501,1296.1156495507125,1052.9107277345265,1539.3205713668985,high,not calculated
2023-07-05,363.58524650364234,915.54325055811,797.6201516444969,1033.4663494717229,high,not calculated
2023-07-07,426.06228870312833,75.77520258025135,49.833133336223256,101.71727182427944,high,not calculated
2023-07-10,151.34411132034273,99.43728637256571,77.01428307465427,121.86028967047714,high,not calculated
2023-07-12,102.09803702602674,263.2063291787095,130.43611565932835,395.97654269809067,medium,not calculated
2023-07-14,150.6312674724379,91.38871840975298,46.77760854631455,135.99982827319138,high,not calculated
2023-07-17,191.04185376583382,115.46810629576157,91.36107290098853,139.5751396905346,high,not calculated
2023-07-19,142.50862331942264,236.98840974898653,198.7347702902091,275.2420492077639,high,not calculated
2023-07-21,171.69353100130454,220.66904525275342,168.37613402272973,272.9619564827771,high,not calculated
2023-07-24,212.20029881904617,85.87480791651014,64.24556387743444,107.50405195558585,high,not calculated
2023-07-26,161.82909820822073,178.94344145539856,143.97486110369616,213.91202180710096,high,not calculated
2023-07-28,174.783948013622,274.73242437740987,199.19396664087841,350.2708821139413,high,not calculated
2023-07-31,237.7364868339219,53.682304979461684,25.74441338382651,81.62019657509687,high,not calculated
2023-08-04,286.01248881543796,259.5335946689572,227.95200908279568,291.11518025511884,high,not calculated
2023-08-07,279.59894820542115,816.3962815732137,613.7163412148989,1019.0762219315287,high,not calculated
2023-08-09,300.5530203855974,323.77144739994685,195.75591223732334,451.7869825625703,high,not calculated
2023-08-11,313.8684368460677,255.4918025473593,205.53353957376098,305.4500655209576,high,not calculated
2023-08-14,301.89392487690435,318.3540190878882,209.3244241125281,427.38361406324833,high,not calculated
2023-08-16,301.89392487690435,299.4798440503682,234.57310346307068,364.3865846376657,high,not calculated
2023-08-18,332.7704680884267,287.8479114924567,244.74342247023696,330.9524005146764,high,not calculated
2023-08-21,792.8467050593466,1698.5827300006476,1575.5985032583387,1821.5669567429568,high,not calculated
2023-08-25,926.3287955371358,380.47754112702376,247.2716065350162,513.6834757190313,high,not calculated
2023-08-28,947.5667522745986,2227.8172291299825,1722.1317100664774,2733.502748193487,high,not calculated
2023-08-30,525.6538884892535,699.9261154837357,616.2764118358753,783.5758191315961,high,not calculated
2023-09-01,618.6425217823428,444.1914113394123,384.99914258865937,503.3836800901652,high,not calculated
2023-09-04,534.5846636594791,432.8441386446123,293.9079388056394,571.7803384835853,high,not calculated
2023-09-05,445.55733804643796,711.8100385238803,630.9827068601046,792.637370187656,high,not calculated
2023-09-06,528.9055072878035,459.6364641552894,399.73992216454735,519.5330061460313,high,not calculated
2023-09-08,608.678114298025,280.4864181062311,193.95283954356725,367.0199966688949,high,not calculated
2023-09-11,608.678114298025,694.2359190635091,624.6953370032173,763.7765011238008,high,not calculated
2023-09-13,548.9614322816723,672.1619596752766,540.8461437136363,803.477775636917,high,not calculated
2023-09-15,725.4045066582055,6149.057503440183,5421.07955686527,6877.035450015095,high,not calculated
2023-09-18,992.3525462439844,250.05120376330945,181.00831961764356,319.0940879089753,high,not calculated
2023-09-20,1141.710209354064,809.8156412358305,720.9321115761372,898.6991708955239,high,not calculated
2023-09-22,834.055115770903,1495.0800378208467,1360.3060503597035,1629.8540252819898,high,not calculated
2023-09-25,892.9055182815143,1120.2349490055144,823.3511317543476,1417.1187662566813,high,not calculated
2023-09-29,813.6718902266921,572.1147570713639,470.1893161116938,674.0401980310339,high,not calculated
2023-10-02,654.1470357061197,748.6659646031982,543.0495981124178,954.2823310939784,high,not calculated
2023-10-04,654.1470357061197,430.8087633591798,350.97698441414013,510.6405423042195,high,not calculated
2023-10-06,651.4044967892455,641.6603854437969,546.6503427157447,736.6704281718492,high,not calculated
2023-10-09,596.4263383412373,854.2023996720234,705.0755849223196,1003.3292144217272,high,not calculated
2023-10-10,596.4263383412373,563.8871403207417,475.1953613733332,652.5789192681502,high,not calculated
2023-10-13,482.32585886185984,583.7314892591729,488.302794363237,679.1601841551087,high,not calculated
2023-10-16,453.2601562990942,299.35894700566496,228.69770145429095,370.02019255703897,high,not calculated
2023-10-18,372.0028817937769,231.48395814342206,151.92514049866043,311.0427757881837,high,not calculated
2023-10-20,283.65274065129233,496.5343815708759,395.278850836113,597.7899123056387,high,not calculated
2023-10-23,281.29844063546744,320.11531680478987,275.7451588299476,364.4854747796321,high,not calculated
2023-10-25,274.8346500077084,162.7530997101774,121.87137583193318,203.6348235884216,high,not calculated
2023-10-27,274.8346500077084,292.2960469581903,214.25810501259747,370.33398890378317,high,not calculated
2023-10-30,298.1989437411154,212.092586260145,172.6389559807469,251.54621653954302,high,not calculated
2023-11-01,309.6422050212588,443.89939988963965,219.81896451942276,667.9798352598566,high,not calculated
2023-11-03,297.5095733836664,390.20819800501084,276.2076986398016,504.2086973702201,high,not calculated
2023-11-06,303.6483908515042,246.42237010057528,192.78479299417262,300.059947206978,high,not calculated
2023-11-08,303.6483908515042,255.89815204541304,217.7681412426882,294.0281628481379,high,not calculated
2023-11-10,255.71978155002571,264.8388225040888,218.34411328502122,311.3335317231564,high,not calculated
2023-11-13,294.61033175948023,462.75310901508163,266.9923263105056,658.5138917196576,high,not calculated
2023-11-15,329.298774047505,112.17479660250886,77.14801854445845,147.2015746605593,high,not calculated
2023-11-17,363.59192665465224,363.09402072893903,235.54763594127542,490.6404055166026,high,not calculated
2023-11-20,363.59192665465224,359.9634789094871,305.2652611344852,414.661696684489,high,not calculated
2023-11-22,461.3866393133661,367.71828032553066,291.5069867369726,443.9295739140887,high,not calculated
2023-11-24,503.6017423630429,653.3476168856284,545.3997841566041,761.2954496146529,high,not calculated
2023-11-27,674.6275427108767,880.7956813690317,761.1095559863517,1000.4818067517118,high,not calculated
2023-11-29,895.9927844042643,489.7393298779698,425.90301898067275,553.5756407752667,high,not calculated
2023-12-01,969.8615039977626,1500.6890566812767,1036.3970326430785,1964.9810807194751,high,not calculated
2023-12-04,921.7328826099811,1153.835054958133,966.8709649834192,1340.799144932847,high,not calculated
2023-12-06,1176.4926291018444,874.9537756661229,782.1908452796087,967.716706052637,high,not calculated
2023-12-08,921.7328826099811,736.4098172056871,621.499901973033,851.3197324383411,high,not calculated
2023-12-11,899.2281929734401,1558.542579353956,1336.5705065759505,1780.5146521319612,high,not calculated
2023-12-13,1053.315542862655,307.6872882102436,253.67931894253132,361.69525747795586,high,not calculated
2023-12-15,1327.3597969120779,1086.3209860485103,752.1957056543882,1420.4462664426326,high,not calculated
2023-12-18,1825.1400471832308,1337.2158253337673,1013.1889010579192,1661.2427496096154,high,not calculated
2023-12-20,2268.779254061121,4586.492566315994,3782.300356401749,5390.68477623024,high,not calculated
2023-12-22,2546.2986320149985,3051.8833301674144,2518.3701495083537,3585.3965108264747,high,not calculated
2023-12-25,2835.381591146955,2417.2386066821805,2265.84590083918,2568.6313125251813,high,not calculated
2023-12-27,2541.3451341562836,2169.7739591953996,1744.7601590307413,2594.787759360058,high,not calculated
2023-12-29,2541.3451341562836,3037.0228365912703,2635.1107836237106,3438.9348895588305,high,not calculated
2024-01-01,2199.0564408120345,355.69157297085064,292.06569771240635,419.317448229295,high,not calculated
2024-01-03,2008.5004907439866,3504.799416935245,3012.439145138094,3997.159688732396,high,not calculated
2024-01-05,1829.4875864055448,1390.3725266494334,1245.9802396142297,1534.7648136846371,high,not calculated
2024-01-08,2145.4657997932486,1598.1061089912564,1059.0731307424035,2137.139087240109,high,not calculated
2024-01-10,2145.4657997932486,2499.984123575945,1975.9158618068802,3024.0523853450095,high,not calculated
2024-01-12,2145.4657997932486,2338.3071668125444,2054.015231372429,2622.5991022526596,high,not calculated
2024-01-15,2963.215717365642,4412.659924771485,3921.7840466688826,4903.535802874087,high,not calculated
2024-01-17,2805.447995327191,1527.7025830322566,1413.2230083325144,1642.1821577319986,high,not calculated
2024-01-19,2535.2464674004286,4051.355861708437,3286.8741455584686,4815.837577858405,high,not calculated
2024-01-22,1921.4781398023624,2026.680957460593,1742.0582502127852,2311.3036647084004,high,not calculated
2024-01-24,2175.588378012096,1277.2558191379335,1153.5901632428654,1400.9214750330016,high,not calculated
2024-01-26,2175.588378012096,2210.0508789142377,1612.1505315940299,2807.9512262344456,high,not calculated
2024-01-29,1925.7799985712097,2290.0332976614573,2016.2987341848875,2563.7678611380275,high,not calculated
2024-01-31,1877.676177743944,2662.0351645685605,1892.8093856026721,3431.26094353445,high,not calculated
2024-02-02,1508.826766717824,1132.9443566561363,926.9057927771045,1338.9829205351684,high,not calculated
2024-02-05,1098.7404302676377,1059.774288310899,945.1276310756218,1174.4209455461764,high,not calculated
2024-02-07,1098.7404302676377,1103.502645835878,999.2920279939814,1207.7132636777744,high,not calculated
2024-02-09,986.8509690013382,489.344950569966,422.56793179177583,556.1219693481561,high,not calculated
2024-02-12,925.8523073425986,1145.2408565058201,915.9094797988828,1374.5722332127573,high,not calculated
2024-02-14,939.7650442325793,797.2759728572374,614.5711477492919,979.9807979651831,high,not calculated
2024-02-16,939.7650442325793,876.7783033346802,561.381415330235,1192.1751913391256,high,not calculated
2024-02-19,883.1209670583899,2035.163630761434,1844.9495817819802,2225.3776797408877,high,not calculated
2024-02-21,1209.7905601645703,683.9920444014986,525.9156900336563,842.0683987693408,high,not calculated
2024-02-23,1145.5284738535097,975.308624983252,757.2634058136407,1193.3538441528633,high,not calculated
2024-02-26,632.4944103010964,1777.2847521757783,1371.5848862203482,2182.984618131208,high,not calculated
2024-02-28,567.4161319107769,238.18256151853873,89.32783785094166,387.03728518613576,high,not calculated
2024-03-01,347.941373502448,209.43580768585917,147.3643320824048,271.50728328931353,high,not calculated
2024-03-04,347.941373502448,488.75720923053996,342.85496136631735,634.6594570947625,high,not calculated
2024-03-06,422.93593218106093,316.8843497582655,223.19843085744213,410.57026865908887,high,not calculated
2024-03-08,530.2141785040687,638.7190887272887,540.4422722427779,736.9959052117997,high,not calculated
2024-03-11,476.081450776736,463.1662375543774,385.0213878932729,541.311087215482,high,not calculated
2024-03-13,476.081450776736,708.4400502880832,521.2282130902206,895.6518874859456,high,not calculated
2024-03-15,339.4620961970217,326.3590260485419,269.7717704651757,382.94628163190816,high,not calculated
2024-03-18,421.2200337749236,228.86102498814583,160.87783601107398,296.84421396521765,high,not calculated
2024-03-20,635.6353060822366,202.50863853163452,130.56505218006012,274.45222488320894,high,not calculated
2024-03-22,668.2980123859836,1438.241057839401,1220.4476692871738,1656.0344463916283,high,not calculated
2024-03-25,659.5138835671465,1351.6858672100223,1164.4406073691796,1538.9311270508651,high,not calculated
2024-03-27,640.6159585941693,424.3471449597828,344.2615951502808,504.4326947692847,high,not calculated
2024-03-29,234.87502660315755,115.53546737278289,78.57060948013678,152.50032526542898,high,not calculated
2024-04-01,168.7344759730496,145.81486361270274,113.26726331602353,178.362463909382,high,not calculated
2024-04-03,168.7344759730496,134.46307123698716,93.22177049150172,175.7043719824726,high,not calculated
2024-04-05,216.9784926523336,225.92549306945887,154.7671113277774,297.08387481114033,high,not calculated
2024-04-08,228.3267383596727,334.0015685728822,273.7127179836513,394.29041916211304,high,not calculated
2024-04-10,228.3267383596727,279.19512127483927,202.64880871789018,355.7414338317884,high,not calculated
2024-04-12,217.75215483969814,179.85960073472003,135.12528660668187,224.5939148627582,high,not calculated
2024-04-15,217.75215483969814,115.4006207876586,92.22434998290461,138.5768915924126,high,not calculated
2024-04-17,244.60541991041396,194.20174250953525,148.79024351959507,239.6132414994754,high,not calculated
2024-04-19,258.50709316390845,359.7549164869867,299.46986429791417,420.0399686760593,high,not calculated
2024-04-22,313.96105987109473,375.9263413842405,324.8181562871321,427.0345264813489,high,not calculated
2024-04-24,313.96105987109473,221.56462049520334,190.15865387410807,252.9705871162986,high,not calculated
2024-04-29,319.35153483684593,360.563642631094,272.4477447071425,448.67954055504555,high,not calculated
2024-05-01,258.65027734447267,193.82256890712074,106.3347411771312,281.3103966371103,high,not calculated
2024-05-03,245.26637720091722,728.7803003187961,632.8644699596834,824.6961306779087,high,not calculated
2024-05-06,368.0052630968178,151.30321500249798,104.33562247366972,198.27080753132623,high,not calculated
2024-05-08,469.51865973869246,181.4129200645368,141.08558049183048,221.74025963724307,high,not calculated
2024-05-10,277.0262979665931,1351.952259483178,817.7633180606489,1886.1412009057071,high,not calculated
2024-05-13,332.5459642985541,498.3627588327446,435.8486659581827,560.8768517073065,high,not calculated
2024-05-15,560.3760467485968,136.86825972864588,112.42784960300997,161.3086698542818,high,not calculated
2024-05-17,368.37045043579764,317.8622139983809,229.5269088153887,406.1975191813732,high,not calculated
2024-05-20,261.0904160668237,864.9031674146647,548.6723634960625,1181.1339713332668,high,not calculated
2024-05-22,454.3245409886275,288.88637847626734,239.6093626097666,338.1633943427681,high,not calculated
2024-05-24,454.38390736565384,176.52265572582286,139.68597996989482,213.35933148175087,high,not calculated
2024-05-27,353.7584503423617,756.2250304912343,266.0434176317019,1246.406643350767,high,not calculated
2024-05-28,371.4795534643201,318.04031312945995,272.0688026617124,364.0118235972074,high,not calculated
2024-05-29,469.8811583805869,454.3486594213577,224.70969333312848,683.9876255095869,high,not calculated
2024-05-31,371.4795534643201,342.04968784214276,249.88127136024778,434.21810432403777,high,not calculated
2024-06-03,469.8811583805869,613.2451278782603,485.0944036300559,741.3958521264645,high,not calculated
2024-06-05,400.326603488521,235.00564604799723,120.17432235851913,349.83696973747533,high,not calculated
2024-06-07,414.46652231908547,664.2703274195715,597.1251900836796,731.4154647554634,high,not calculated
2024-06-10,348.806737734562,245.68499474515997,172.2716539493797,319.0983355409403,high,not calculated
2024-06-12,488.33518195936585,384.4694443338363,289.675434981545,479.2634536861276,high,not calculated
2024-06-14,366.1594251416295,416.2657741246897,346.35261482679226,486.1789334225872,high,not calculated
2024-06-17,562.9138107861648,2827.9381314880707,2472.5049584435187,3183.371304532623,high,not calculated
2024-06-19,541.1377200612311,297.7430569663626,248.41465060055106,347.0714633321742,high,not calculated
2024-06-21,725.5721102703509,888.0062138999684,764.0369977497741,1011.975430050163,high,not calculated
2024-06-24,679.1246293190194,319.1411721590354,289.46256616931896,348.8197781487519,high,not calculated
2024-06-26,895.9338868500238,969.5689447520489,843.0717043737229,1096.0661851303748,high,not calculated
2024-06-28,766.71817181639085,830.2265018980539,664.0393505951117,996.4136532009961,high,not calculated
2024-07-01,766.71817181639085,1213.1164527518354,1100.4608754662545,1325.7720300374162,high,not calculated
2024-07-03,598.6292389658404,500.3590687990696,391.5200688650847,609.1980687330545,high,not calculated
2024-07-05,680.0594971239287,348.82344225549014,289.7642358243219,407.88264868665846,high,not calculated
2024-07-08,665.7787847602903,465.30214620039766,323.55593344181386,607.0483589589815,high,not calculated
2024-07-10,857.1648539513734,1074.5172763723187,826.9312872434507,1322.1032655011868,high,not calculated
2024-07-12,906.5366270325184,1031.6751392814035,805.3573633773951,1257.9929151854121,high,not calculated
2024-07-15,1092.163713590319,1170.2987251172356,967.2154397853261,1373.382010449145,high,not calculated
2024-07-17,1062.0752309865916,613.4174654438328,441.87476809870356,784.9601627889622,high,not calculated
2024-07-22,999.4796642735753,1269.9347543024587,1056.5980578347853,1483.271450770132,high,not calculated
2024-07-24,816.8657838827038,984.2518285611355,825.1697363023255,1143.3339208199454,high,not calculated
2024-07-26,864.0095075208001,843.8884391423553,695.5355241800124,992.2413541046983,high,not calculated
2024-07-29,794.6208994064522,622.4570839446205,538.6359242061359,706.2782436831052,high,not calculated
2024-07-31,761.9215908848096,763.8882548589094,650.2180384286011,877.5584712892177,high,not calculated
2024-08-02,728.7080694111581,776.0860042180917,677.8054196616736,874.36658877451,high,not calculated
2024-08-05,761.9215908848096,745.7905135774275,668.372168464803,823.208858690052,high,not calculated
2024-08-07,732.7739858642188,676.4454397971376,361.1906623851406,991.7002172091346,high,not calculated
2024-08-09,730.9468354878543,1374.6147719539556,1063.270001634872,1685.959542273039,high,not calculated
2024-08-12,820.8866651816696,570.3604258186776,409.4448536032838,731.2759980340714,high,not calculated
2024-08-14,785.5249938555163,770.6045530889977,654.9703513624685,886.2387548155269,high,not calculated
2024-08-16,682.5231572610987,1015.6100026588737,804.4982040845907,1226.7218012331566,high,not calculated
2024-08-19,830.9396828744975,554.7150776567884,364.572007080023,744.8581482335536,high,not calculated
2024-08-21,812.2613130817194,706.6044928756212,436.0260790518661,977.1829066993762,high,not calculated
2024-08-23,658.6296714143576,2286.269489474921,2032.271989222134,2540.2669897277083,high,not calculated
2024-08-26,694.849057270909,714.5694437106634,601.2022973640928,827.936590057234,high,not calculated
2024-08-28,642.9332981119487,550.8572153987403,433.0087172841903,668.7057135132902,high,not calculated
2024-08-30,584.1592004695025,663.3732352264423,464.7843976522078,861.9620728006767,high,not calculated
2024-09-02,540.004467943279,256.0223360505667,170.4467893886851,341.5978827124483,high,not calculated
2024-09-04,577.5098078858464,538.2471507833249,389.3889737120253,687.1053278546244,high,not calculated
2024-09-06,441.7261748272212,530.9090376477722,294.5812981395557,767.2367771559885,high,not calculated
2024-09-09,497.20667842631786,671.547741174122,396.98483024693866,946.1106521013055,high,not calculated
2024-09-11,442.1151348095989,220.11727562493843,91.06900512545766,349.1655461244192,high,not calculated
2024-09-13,356.9319542435553,422.4638468478568,348.5681029641468,496.35959073156675,high,not calculated
2024-09-16,356.9319542435553,372.97251993316775,284.347209480469,461.59783038586653,high,not calculated
2024-09-18,370.59475978231967,275.3594959496415,192.86289745391312,357.8560944453698,high,not calculated
2024-09-20,326.61209015041817,744.9801403705544,552.9156457125305,937.0446350285782,high,not calculated
2024-09-23,432.18940322093596,316.34791256593445,261.47985752259933,371.2159676092696,high,not calculated
2024-09-25,583.67750402707,290.5158379521523,192.12869686932447,388.90297903498015,high,not calculated
2024-09-27,432.18940322093596,689.7044591447211,595.9168615838033,783.4920567056389,high,not calculated
2024-09-30,466.86592395326045,1173.1678958464763,1038.7696111355992,1307.5661805573534,high,not calculated
2024-10-02,434.6390549159567,193.83523084024108,132.3787100454689,255.29175163501327,high,not calculated
2024-10-04,266.1826662776375,420.37747476290804,353.82834569072503,486.92660383509104,high,not calculated
2024-10-07,180.8150934716686,184.3352932297635,122.68036748987727,245.99021896964967,high,not calculated
2024-10-09,162.03509116768925,164.27475634500118,127.59475441324842,200.95475827675392,high,not calculated
2024-10-11,148.90461201564935,34.86157739009952,18.60535800890264,51.117796771296405,high,not calculated
2024-10-14,143.09301268719398,137.49522392830312,67.64933715862472,207.34111069798155,high,not calculated
2024-10-16,143.09301268719398,144.94385577364372,105.54891423035922,184.33879731692818,high,not calculated
2024-10-18,169.04027687210126,146.83995835963503,98.57724879319156,195.1026679260785,high,not calculated
2024-10-21,169.04027687210126,571.6760287816194,464.88572542171977,678.4663321415189,high,not calculated
2024-10-23,187.36152031763078,215.33701648302494,157.4992629830698,273.1747699829801,high,not calculated
2024-10-25,233.09210542904833,130.6036763237295,105.50484846783958,155.7025041796194,high,not calculated
2024-10-28,233.09210542904833,199.9075861102324,52.842718672067946,346.97245354839686,high,not calculated
2024-10-30,272.44186414961996,284.03171369388764,181.51258303585433,386.55084435192094,high,not calculated
2024-11-01,293.0995294320696,756.5926738054746,621.0948152255696,892.0905323853797,high,not calculated
2024-11-04,293.0995294320696,333.38629264473997,278.38890191605105,388.3836833734289,high,not calculated
2024-11-06,268.05883733819167,261.88058195758106,213.0354707815996,310.7256931335625,high,not calculated
2024-11-08,268.05883733819167,208.90963741225397,88.83680742539228,328.98246739911565,high,not calculated
2024-11-13,211.8893349865853,164.87778558992093,90.96417828473369,238.79139289510817,high,not calculated
2024-11-15,198.36016388891508,403.32926841982794,344.5632384457079,462.095298393948,high,not calculated
2024-11-18,167.44921676884903,102.89282357949084,74.66595192580587,131.11969523317578,high,not calculated
2024-11-20,200.64020627931262,221.29306866457028,162.43363282179524,280.1525045073454,high,not calculated
2024-11-22,189.2206799389153,116.17679605205579,86.00975701739132,146.34383508672028,high,not calculated
2024-11-25,219.43180156024513,264.45075412131183,180.30853763609193,348.59297060653176,high,not calculated
2024-11-27,233.81769671249234,230.1921751001199,160.14987385200254,300.23447634823725,high,not calculated
2024-11-29,233.81769671249234,206.81016091604528,115.60421242080275,298.0161094112878,high,not calculated
2024-12-02,242.71103635032244,667.48490141519585,357.03545951829483,977.9343433120969,high,not calculated
2024-12-04,233.3793316028972,200.00346321015422,122.83932760218542,277.16759881812305,high,not calculated
2024-12-06,264.88209941380353,291.13077303480213,224.29388973429056,357.96765633531373,high,not calculated
2024-12-09,264.88209941380353,202.19706085784418,137.6359576426161,266.75816407307224,high,not calculated
2024-12-11,365.09580831716323,301.3184643487643,255.2021264174336,347.4348022800949,high,not calculated
2024-12-13,377.98473198346886,502.8381875679232,434.5580952772012,571.1182798586453,high,not calculated
2024-12-16,457.6998421758786,540.4637949259934,366.573469931146,714.3541199208408,high,not calculated
2024-12-18,604.1859835411841,329.79754403371896,283.2038270934184,376.39126097401953,high,not calculated
2024-12-20,693.3690595929486,769.2559681296356,305.1432735705179,1233.3686626887531,high,not calculated
2024-12-23,780.9033713505261,803.0667301987256,444.13806360423894,1161.9953967932122,high,not calculated
2024-12-25,967.9552620275249,770.3874157232168,595.5212564085407,945.2535750378929,high,not calculated
2024-12-30,1238.6183104459387,1330.4116401606323,1189.0210805931383,1471.8021997281264,high,not calculated
2025-01-01,1227.7252056207692,1778.7328826697865,1505.6830046892583,2051.7827606503147,high,not calculated
2025-01-03,1323.7893456829515,1582.3765609784584,1450.3194838735117,1714.4336380834054,high,not calculated
2025-01-06,1141.8448201880167,666.7183259774955,478.72181768046465,854.7148342745263,high,not calculated
2025-01-08,869.2204598387178,1058.5798359097641,805.3870057945805,1311.772666024948,high,not calculated
2025-01-10,738.5999565279617,784.5780636758273,657.3838288478528,911.7722985038018,high,not calculated
2025-01-13,699.4116277439202,764.5034799305621,655.4673111121505,873.5396487489738,high,not calculated
2025-01-15,699.4116277439202,457.4387763438474,323.7944598476237,591.0830928400711,high,not calculated
2025-01-17,590.3651986332602,549.1533396253712,390.9399469495007,707.3667323012419,high,not calculated
2025-01-20,607.9596633979224,1445.3772167745738,1113.4180666554603,1777.3363668936872,high,not calculated
2025-01-22,567.9162097502219,329.5213829017876,258.57288129109725,400.4698845124779,high,not calculated
2025-01-24,512.9849456157748,817.2868742245486,723.3450077786304,911.2287406704667,high,not calculated
2025-01-27,350.3964485081878,337.308415400746,268.12933614013104,406.4874946613609,high,not calculated
2025-01-29,326.03940965803884,384.3595472220298,300.95165426053313,467.76744018352645,high,not calculated
2025-01-31,326.03940965803884,256.4502663513409,187.90703170227013,324.9935010004116,high,not calculated
2025-02-03,289.30298290247435,227.09913513405246,186.93749009534855,267.26078017275637,high,not calculated
2025-02-05,585.1178433324467,1271.8041285119466,1167.6431000454272,1375.965156978466,high,not calculated
2025-02-07,579.2111434054914,169.62146002566524,137.69433879569078,201.54858125563973,high,not calculated
2025-02-10,617.1982928509467,11628.822711302573,9756.284309760493,13501.361112844654,high,not calculated
2025-02-12,318.43560772188704,238.73016657047503,178.34917289373774,299.11116024721235,high,not calculated
2025-02-14,330.35899751334665,341.0605834704186,275.9308924634285,406.1902744774087,high,not calculated
2025-02-17,285.338264732391,375.51607312476744,327.2420668989695,423.79007935056546,high,not calculated
2025-02-19,330.35899751334665,274.500335944854,238.59417041018457,310.4065014795234,high,not calculated
2025-02-21,296.8234279505073,240.45387478190042,167.36626238332215,313.5414871804787,high,not calculated
2025-02-24,246.59670467924894,508.1287079563429,400.88188532681943,615.3755305858664,high,not calculated
2025-02-26,211.31269511245875,168.64830724448336,111.02478887964821,226.27182560931848,high,not calculated
2025-02-28,247.91022134804703,224.83590331099248,129.36069751050613,320.3111091114788,high,not calculated
2025-03-03,193.8730206874023,163.1171638588334,131.66626897118974,194.56805874647708,high,not calculated
2025-03-05,209.4468340415258,350.24645348866534,294.3263805780845,406.1665263992461,high,not calculated
2025-03-07,210.25586634902507,188.13485150673105,127.91316532507035,248.35653768839174,high,not calculated
2025-03-10,259.199428672127,215.36974730685387,158.19606495604788,272.54342965765983,high,not calculated
2025-03-12,255.13624989118716,227.26300023349032,106.60881593899606,347.9171845279846,high,not calculated
2025-03-14,255.13624989118716,334.96553847603684,283.55161902029135,386.37945793178227,high,not calculated
2025-03-17,295.00151361424815,322.77600213321733,218.7771462772997,426.77485798913494,high,not calculated
2025-03-19,327.0286226711731,189.49489712308488,149.11734648110922,229.8724477650605,high,not calculated
2025-03-21,319.0488283377595,368.4313926524362,301.42166522859526,435.44112007627723,high,not calculated
2025-03-24,334.2672918441658,323.34432740426496,262.01630401733456,384.67235079119536,high,not calculated
2025-03-26,380.7605052704719,311.0261554757962,275.23123832927,346.82107262232233,high,not calculated
2025-03-28,361.62542621159184,450.5057957547145,345.42768694871745,555.5839045607115,high,not calculated
2025-03-31,405.247326385285,779.3003728113049,698.3613485586184,860.2393970639913,high,not calculated
2025-04-02,522.2771771678822,164.93462691187847,135.41387138585506,194.45538243790185,high,not calculated
2025-04-04,442.6477733895561,454.21002792534455,392.91225430075093,515.5078015499382,high,not calculated
2025-04-07,276.9207464189864,662.1157078235876,244.49276538697322,1079.7386502602021,high,not calculated
2025-04-09,300.7863709233412,211.61758441973612,140.74317908299494,282.4919897564773,high,not calculated
2025-04-11,214.85744895977945,156.58807392925516,126.49836648731468,186.6777813711956,high,not calculated
2025-04-14,214.85744895977945,236.53150042494303,190.15613418082094,282.9068666690651,high,not calculated
2025-04-16,246.3452815180237,196.4232620346592,123.20027095438346,269.6462531149349,high,not calculated
2025-04-18,246.3452815180237,306.08108209446897,247.38575732080787,364.77640686813004,high,not calculated
2025-04-21,226.1568546698555,348.33913450872865,283.7303647951361,412.94790422232126,high,not calculated
2025-04-23,276.7954788278787,175.96621988043844,154.72445689621645,197.2079828646604,high,not calculated
2025-04-25,250.78531141209172,152.0675597701866,92.64611145843996,211.4890080819332,high,not calculated
2025-04-28,228.47937330824854,488.86889093383803,351.251206794752,626.4865750729241,high,not calculated
2025-04-30,231.91581374180151,228.05057984710794,149.10879385351788,306.992365840698,high,not calculated
2025-05-02,231.91581374180151,281.42132019719924,205.46500125838077,357.3776391360177,high,not calculated
2025-05-05,185.63508116743654,186.27554118109728,148.93737844351463,223.61370391867996,high,not calculated
2025-05-07,203.4253279508003,99.99211288989326,80.58447130103265,119.39975447875388,high,not calculated
2025-05-09,158.9631591028439,142.57912247410437,93.84951718642994,191.30872776177878,high,not calculated
2025-05-12,271.89037490342105,525.0571885828288,428.7246311717014,621.389745993956,high,not calculated
2025-05-14,271.89037490342105,148.03481365333,109.57766465694223,186.49196264971775,high,not calculated
2025-05-16,270.63825239578637,741.6369196631143,589.6781815367578,893.5956577894707,high,not calculated
2025-05-19,157.1165970813721,138.8227549512004,99.30823471589149,178.33727518650934,high,not calculated
2025-05-21,202.49928541752752,95.36725236404989,68.19635111486446,122.53815361323531,high,not calculated
2025-05-23,202.49928541752752,184.492222639586,130.89110423829968,238.09334104087236,high,not calculated
2025-05-26,246.6724458674284,284.18287866179605,228.30094273938494,340.06481458420717,high,not calculated
2025-05-28,276.35102977787,311.8018550080422,267.7840564939177,355.8196535221667,high,not calculated
2025-05-30,276.35102977787,271.3422363009032,213.94784878057195,328.73662382123445,high,not calculated
2025-06-02,241.46647976398378,273.52797437091067,225.54634372318074,321.5096050186405,high,not calculated
2025-06-04,205.9867672482913,179.52922862013756,122.14631997700006,236.91213726327504,high,not calculated
2025-06-06,206.71534660496044,167.08883682383316,133.0896088817832,201.08806476588313,high,not calculated
2025-06-09,210.60074474820087,122.47011801996949,81.40139289242461,163.53884314751437,high,not calculated
2025-06-11,191.58104121481153,562.2896748183771,480.05394517851596,644.5254044582381,high,not calculated
2025-06-13,184.21902431675986,285.18416880063194,233.0125325843273,337.35580501693664,high,not calculated
2025-06-16,213.3843140353648,26.954350260272832,15.29397955298618,38.614720967559485,high,not calculated
2025-06-18,190.19294700003843,145.0027861296781,99.91424455590018,190.09132770345602,high,not calculated
2025-06-20,151.8374504296477,209.96598717578428,152.93420169407503,266.99777265749356,high,not calculated
2025-06-23,172.1053023438038,215.6100676946528,177.81902956172127,253.40110582758433,high,not calculated
2025-06-25,157.2855662950713,100.54357798348065,78.22512314118973,122.86203282577156,high,not calculated
2025-06-27,139.56709881732652,161.34713372594902,114.8059590875302,207.88830836436782,high,not calculated
2025-06-30,115.45785178492841,89.0193926287547,52.40082473148869,125.6379605260207,high,not calculated
2025-07-02,107.36731667135003,156.81058474254988,113.95923411779754,199.66193536730222,high,not calculated
2025-07-07,97.84657879384325,76.27197264274542,45.58456800041885,106.95937728507201,medium,not calculated
2025-07-09,92.53731164052851,38.88977994028789,18.737622725281557,59.04193715529422,medium,not calculated
2025-07-11,73.85688837523479,128.2483711100296,62.427201972752776,194.06954024730643,medium,not calculated
2025-07-14,77.38837032458602,73.09159116881054,55.61274382557798,90.57043851204311,medium,not calculated
2025-07-16,96.06879358987976,72.20710131414843,37.019800682664894,107.39440194563197,medium,not calculated
2025-07-18,110.84961489046833,86.8664184907991,57.37974190280124,116.35309507879697,high,not calculated
2025-07-21,151.68876071675638,172.59083501179532,75.2845797725816,269.8970902510091,high,not calculated
2025-07-23,200.64009291513173,195.6090286476747,86.53582621387302,304.6822310814764,high,not calculated
2025-07-25,215.3375809828323,233.72041508592517,130.5076505074377,336.93317966441265,high,not calculated
2025-07-28,215.3375809828323,298.2897690999503,232.4002891363265,364.1792490635741,high,not calculated
2025-07-30,211.21013159158232,216.68329921489706,108.0800178897012,325.2865805400929,high,not calculated
2025-08-01,211.9422533710144,183.22668047392474,60.90029789181846,305.5530630560311,high,not calculated
2025-08-04,211.9422533710144,148.40939469964798,100.70820408709265,196.11058531220328,high,not calculated
2025-08-06,230.3203320497318,235.91678042422143,128.3298040568135,343.50375679162937,high,not calculated
2025-08-08,254.65566143993163,482.63500513238114,354.9711205790744,610.2988896856879,high,not calculated
2025-08-11,254.65566143993163,271.8175352510492,208.83577393462127,334.79929656747714,high,not calculated
2025-08-13,254.54568241210953,256.2326686445243,177.56149294372636,334.9038443453223,high,not calculated
2025-08-15,210.4846157144136,139.63433515796157,105.95436231113906,173.3143080047841,high,not calculated
2025-08-18,188.03389775607715,235.58684334075494,148.8151562674069,322.358530414103,high,not calculated
2025-08-20,188.03389775607715,118.24419974207797,93.83022198795915,142.6581774961968,high,not calculated
2025-08-22,334.97847823657935,188.88051476951497,143.90917945278332,233.85185008624666,high,not calculated
2025-08-25,320.48497126006197,637.9003497972361,496.6771303852479,779.1235692092245,high,not calculated
2025-08-27,470.1582496026357,580.4680765994682,374.17448178240113,786.7616714165351,high,not calculated
2025-08-29,652.4766869000047,192.10632241120265,152.33437863122194,231.87826619118337,high,not calculated
2025-09-01,574.7281413590348,839.08544735489,642.9766540557622,1035.1942406540177,high,not calculated
2025-09-03,451.06214712789904,739.0616343033097,544.362444704386,933.7608239022334,high,not calculated
2025-09-05,463.5707521584528,404.6547131743262,320.8629388092197,488.4464875394328,high,not calculated
2025-09-08,287.04023869270327,209.47009390606127,155.76320421375445,263.1769835983681,high,not calculated
2025-09-10,287.04023869270327,246.99590899772232,186.99948239340426,306.9923356020404,high,not calculated
2025-09-12,221.22369460692641,207.2050809169956,128.14190173099993,286.26826010299123,high,not calculated
2025-09-15,604.9797584492919,1594.0323533244962,1183.348410848454,2004.7162958005383,high,not calculated
2025-09-17,594.5567168376898,182.1269420547099,92.17968688061572,272.07419722880405,high,not calculated
2025-09-19,586.1973372169277,1360.738285433158,1034.0806802163045,1687.395890650011,high,not calculated
2025-09-22,179.55219024249962,215.72678416291575,92.09086002410292,339.3627083017285,high,not calculated
2025-09-24,204.42228749870998,112.61321458289656,93.01955693573761,132.20687223005552,high,not calculated
2025-09-26,187.12722093405253,140.8028445098733,60.28891668393425,221.31677233581232,high,not calculated
2025-09-29,152.75603107404612,256.737233823341,198.16780333416423,315.30666431251774,high,not calculated
2025-10-01,155.84462197166064,204.85203412936852,162.44555080442228,247.25851745431478,high,not calculated
2025-10-03,141.3677905189987,56.92045459602106,40.53165152516721,73.30925766687491,high,not calculated
2025-10-06,141.3677905189987,121.87898727574013,58.50186832746147,185.25610622401877,high,not calculated
2025-10-08,93.72704884621926,97.37235015188746,64.29492665557493,130.4497736482,medium,not calculated
2025-10-10,113.37477009648887,456.2267279462421,389.56707937076493,522.8863765217193,high,not calculated
2025-10-13,133.47875912227448,61.92980911103017,14.278181221056283,109.58143700100405,high,not calculated
2025-10-15,150.82072902895965,120.87297286183903,74.79592357260094,166.95002215107712,high,not calculated
2025-10-17,110.7336806149374,182.19095435309697,148.75281308828278,215.62909561791116,high,not calculated
2025-10-20,113.613046393824,149.39825987194297,83.2461581007457,215.55036164314023,high,not calculated
2025-10-22,97.06170696317828,42.71452563088234,24.661180665834152,60.76787059593053,medium,not calculated
2025-10-24,73.81228326024598,70.56790644768998,30.920149638346277,110.21566325703368,medium,not calculated
2025-10-27,73.81228326024598,71.21895456990185,39.48380112530355,102.95410801450015,medium,not calculated
2025-10-29,86.15003407939122,79.6499887631461,26.89651378933412,132.4034637369581,medium,not calculated
2025-10-31,91.5504976163653,107.58115890512566,62.585569936785184,152.57674787346613,medium,not calculated
2025-11-03,91.5504976163653,134.4814816775823,78.08273079154868,190.88023256361592,medium,not calculated
2025-11-05,109.8276619211774,87.4203451808242,40.439233211637074,134.40145715001134,high,not calculated
2025-11-07,115.66611271915352,70.63836052995386,36.041676219937074,105.23504483997066,high,not calculated
2025-11-10,126.72130518097066,2336.841741814608,1573.286521708902,3100.3969619203144,high,not calculated
2025-11-12,133.61880567649777,125.09651129905406,88.41625098009571,161.77677161801242,high,not calculated
2025-11-14,145.18745560198036,167.64705906303368,123.0740842973183,212.22003382874905,high,not calculated
2025-11-17,145.18745560198036,108.11284666740559,84.59366328069541,131.63203005411577,high,not calculated
2025-11-19,161.907092189605,142.81879644385336,91.83722930434374,193.80036358336295,high,not calculated
2025-11-21,146.86390723732174,175.25542106192808,104.23844474678813,246.27239737706807,high,not calculated
2025-11-24,158.95365997298805,176.60789292719184,116.4430131795849,236.77277267479877,high,not calculated
2025-11-26,170.21669213410092,122.51750420618374,92.32938152185889,152.70562689050857,high,not calculated
2025-11-28,183.20636614788444,158.78676241318277,123.39022547145741,194.18329935490814,high,not calculated
2025-12-01,165.17623657421512,214.22444310327873,129.350240271025,299.0986459355325,high,not calculated
2025-12-03,150.1037612373984,219.43949551423657,170.87527849865305,268.00371252982006,high,not calculated
2025-12-05,133.85728666286656,73.85390485055991,27.833665657722936,119.87414404339691,high,not calculated
2025-12-08,135.59563746651918,77.30007819573372,28.10695770809034,126.4931986833771,high,not calculated
2025-12-10,150.764813002869,110.04733868958726,43.63894335622875,176.4557340229458,high,not calculated
2025-12-12,195.2212988289748,303.15881360083813,231.3006661166339,375.01696108504234,high,not calculated
2025-12-15,259.59179046605846,264.947022123286,206.92328589046838,322.97075835610354,high,not calculated
2025-12-17,275.3381690836896,210.66953567405108,149.1403107512378,272.1987605968643,high,not calculated
2025-12-19,250.47551889214995,345.60284394643855,294.3825144993379,396.82317339353915,high,not calculated
2025-12-22,277.36079283320083,257.90867152694454,119.23688893760453,396.5804541162846,high,not calculated
2025-12-24,302.7756129012583,228.57086302621937,169.5074710198125,287.63425503262624,high,not calculated
2025-12-26,317.0955614283024,939.6156462685523,831.3636168474214,1047.867675689683,high,not calculated
2025-12-29,407.55442280076653,304.81532323039187,227.92001838082618,381.7106280799576,high,not calculated
2025-12-31,407.55442280076653,388.5626895275707,270.2770104032899,506.8483686518514,high,not calculated
2026-01-02,388.00769586493504,529.2852556443372,420.9167724686328,637.6537388200416,high,high
2026-01-05,416.24462035196694,142.97164683142628,112.33840729738276,173.60488636546984,high,very low
2026-01-07,433.219489694478,470.6450748368426,399.90467336066,541.3854763130252,high,high
2026-01-09,433.219489694478,389.5260966914874,321.64821124889585,457.403982134079,high,high
2026-01-12,433.219489694478,439.4872975551039,129.9068551965057,749.0677399137021,high,high
2026-01-14,390.9085438875302,908.1438866550013,746.660179750223,1069.6275935597796,high,very high
2026-01-16,352.6565936341589,214.77870696711466,157.51050835843577,272.0469055757935,high,medium
2026-01-19,345.1932164017384,343.71223741599925,179.14701998049176,508.27745485150683,high,high
2026-01-21,277.7537301048292,274.77024593137367,118.29756836084,431.2429235019073,high,medium
2026-01-23,258.9921224648079,417.0971658578423,354.9445415637344,479.24979015195015,high,high
2026-01-28,212.00877112492347,148.57965575226288,104.37024575140124,192.7890657531245,high,low
2026-01-30,228.94803016691725,158.4938840470507,117.89370811641498,199.0940599776864,high,low
2026-02-02,177.65132406852268,202.76218339634613,132.34715980277085,273.1772069899214,high,low
2026-02-04,177.65132406852268,325.588023057355,273.29703489340886,377.87901122130114,high,high
2026-02-06,191.5491412234921,171.69790476217116,133.1018675192768,210.29394200506556,high,low
2026-02-09,232.49108777716174,106.87797026315451,85.97514348094471,127.78079704536434,high,very low
2026-02-11,171.15755379055878,200.18733551195905,173.22231042967567,227.15236059424245,high,low
2026-02-13,167.28851586963395,555.7879963369152,469.3127996833689,642.2631929904616,high,high
2026-02-16,198.05956685101793,141.58742109754613,117.35542286552794,165.81941932956428,high,very low
2026-02-18,192.00742132320366,160.09079099939675,132.47617121537044,187.70541078342308,high,low
2026-02-20,162.97551706286754,233.900574041698,179.56359550070053,288.23755258269546,high,medium
2026-02-23,162.97551706286754,182.03089892851622,146.75963223618976,217.3021656208427,high,low
2026-02-25,187.57877807696798,146.8048612606896,112.81016860553781,180.79955391584136,high,very low
2026-02-27,146.48575508408987,106.44687692749878,79.03357986026198,133.86017399473556,high,very low
2026-03-02,146.48995251211198,440.06183203333364,328.49669307112873,551.6269709955386,high,high
2026-03-04,133.03729106771505,110.62150506306378,88.66140457926888,132.5816055468587,high,very low
2026-03-06,182.3844667791068,182.04349121258255,134.96860097579778,229.11838144936732,high,low
2026-03-09,149.72686444737425,101.14057215353499,66.03176555460631,136.24937875246366,high,very low
2026-03-11,146.56655347753136,254.48840406167403,211.21596031122618,297.7608478121219,high,medium
2026-03-13,132.78188909500264,156.5155970664765,98.36270419475007,214.66848993820287,high,low
2026-03-16,183.8978330643823,8.029979446031863,6.475555560081302,9.584403331982424,high,very low
2026-03-18,147.33520969121074,140.68949806499649,104.89880132923622,176.48019480075675,high,very low
2026-03-20,120.74976213827146,1296.6867928233828,1069.157248121938,1524.2163375248274,high,very high
2026-03-23,168.082733817594,144.80053394215926,106.47435389449532,183.1267139898232,high,very low
2026-03-25,163.93472453932822,76.75925440765863,55.35039976055914,98.16810905475813,high,very low
2026-03-27,133.31060278593534,218.7581694456263,174.12180470691294,263.39453418433965,high,medium
2026-03-29,157.96314795375767,128.2454702301991,89.49706437389277,166.99387608650542,high,very low
2026-03-30,157.96314795375767,126.8858041854477,96.56823556755558,157.20337280333985,high,very low
2026-04-01,136.60296729209742,233.18055952572618,176.82014683841896,289.5409722130334,high,medium
2026-04-03,131.26863142610003,112.2424626322069,85.28135627815786,139.20356898625593,high,very low
2026-04-06,142.25561755937645,154.67762746064548,117.85580372536747,191.4994511959235,high,low
2026-04-08,121.0295451317372,92.93583895617148,58.968237830744506,126.90344008159846,high,very low
2026-04-10,114.59400390639205,159.84676258527702,127.9288405676104,191.76468460294365,high,low
2026-04-13,84.84706434473145,96.16854530235919,65.42744296177732,126.90964764294107,medium,very low
2026-04-15,69.93308678666277,48.193906281965425,34.47500896414328,61.91280359978759,medium,very low
2026-04-17,68.5871350953988,65.4368087756637,40.90751706593299,89.96610048539443,medium,very low
2026-04-20,51.10778968634667,39.69265400141088,23.376582412916672,56.00872558990509,medium,very low
2026-04-22,65.75338433521395,92.13069022856727,61.73449331957161,122.52688713756295,medium,very low
2026-04-24,50.49640659512666,19.665875555401833,3.855601877047096,35.47614923375657,medium,very low
2026-04-27,43.69187122258933,190.18320246008147,127.04945934962416,253.31694557053882,medium,low
2026-04-29,14.847473429114823,19.27904788379889,8.516537481562043,30.041558286035734,low,very low
2026-05-01,55.496657600185074,5.597496848143746,1.4260434366135433,9.768950259673948,medium,very low
2026-05-04,12.264228431953411,0,0,0,low,very low
2026-05-06,13.158438440485522,141.6134280686126,117.34810541894011,165.87875071828506,low,very low
2026-05-08,31.686100771300186,11.916140563917603,0.1815704426331006,23.650710685202107,medium,very low
2026-05-11,33.50183147132925,21.961677909395213,10.786825385933897,33.13653043285653,medium,very low
2026-05-13,17.835321877392825,61.18048384058775,29.638067483445578,92.72290019772991,low,very low
2026-05-15,17.835321877392825,17.36333266400477,9.442006909371274,25.284658418638262,low,very low
2026-05-18,18.009986225503763,14.180955058778496,4.754158957496326,23.607751160060666,low,very low
2026-05-20,18.009986225503763,0,0,0,low,very low
2026-05-22,20.62875242545997,22.485670953728018,8.321496843066287,36.64984506438975,medium,very low
2026-05-25,20.455423447737427,52.01935984942426,25.761074733857516,78.27764496499101,medium,very low
2026-05-27,22.92999880692929,25.219631263873396,5.590326837225807,44.84893569052098,medium,very low
2026-05-29,19.988431197556906,13.66096812561087,-3.5644024934744527,30.886338744696197,low,very low
2026-06-01,19.988431197556906,21.08469420318646,12.379058311862506,29.790330094510413,low,very low
2026-06-03,26.49382240439818,13.402490394581303,4.9288363735453675,21.87614441561724,medium,very low
2026-06-05,33.7865489667008,49.23892748299821,20.845836212643576,77.63201875335282,medium,very low
2026-06-08,34.19486198123736,44.735804884397204,0.2709752810384198,89.20063448775599,medium,very low
2026-06-10,34.19486198123736,35.53914781251872,16.490568108098394,54.58772751693905,medium,very low
2026-06-12,23.60602378086027,22.30963324679615,4.100620413772668,40.51864607981963,medium,very low
2026-06-15,14.04047691979781,12.969290283265936,2.276603143678466,23.661977422853404,low,very low
2026-06-17,14.04047691979781,0,0,0,low,very low
2026-06-19,6.603932504199093,6.842507229331341,0.5699419333249598,13.115072525337721,low,very low
2026-06-22,7.473849486465532,43.749782181700674,10.953791607237621,76.54577275616373,low,very low
2026-06-24,12.001632795565582,0,0,0,low,very low
2026-06-26,24.304057779688694,15.579041230065254,6.939052216829601,24.21903024330091,medium,very low
2026-06-29,23.115363617392582,13.583349927300151,3.398199402284,23.7685004523163,medium,very low
2026-07-01,34.2596062521918,47.01607783169782,16.303430552585958,77.72872511080968,medium,very low
2026-07-03,59.391764122693296,40.18369969481233,22.629677387036995,57.737722002587674,medium,very low
2026-07-06,60.729019997018774,95.44937225861668,66.77839599856092,124.12034851867244,medium,very low
2026-07-08,58.451560618056945,90.97551484156975,50.5977136305282,131.3533160526113,medium,very low
2026-07-10,55.22323653962597,44.19546731778874,23.19605336514322,65.19488127043425,medium,very low
2026-07-13,33.50385367248995,30.498727459519436,10.160044968747412,50.83740995029146,medium,very low
2026-07-15,31.42725245034339,23.621938435147598,12.592584619071255,34.651292251223936,medium,very low
2026-07-17,30.064189639323036,25.817366240161686,13.167231734575111,38.46750074574826,medium,very low
2026-07-20,32.553168369932905,37.96566365134903,15.49972135265015,60.43160595004792,medium,very low
2026-07-22,32.553168369932905,33.876475218287986,20.16156565255549,47.591384784020484,medium,very low
2026-07-24,45.63307772188009,65.05709429600329,41.48288809303816,88.6313004989684,medium,very low
2026-07-27,54.78356941576275,0,0,0,medium,very low
2026-07-29,65.45911786103389,65.90312055410143,34.1358685362854,97.67037257191747,medium,very low
2026-07-31,43.77341976236613,65.41713873299697,41.92344975420772,88.91082771178623,medium,very low
2026-08-03,51.69631870320949,167.7144828806334,93.15861487561898,242.2703508856478,medium,very low
2026-08-05,29.728611851842356,0,0,0,medium,very low
2026-08-07,28.468924967765435,23.76869682253009,11.79401978837528,35.7433738566849,medium,very low
2026-08-09,28.468924967765435,0,0,0,medium,very low
2026-08-11,57.2424728573291,61.63807808076621,45.023460939287936,78.25269522224448,medium,very low
2026-08-14,79.49811595433293,150.72363249925002,113.62682513781276,187.82043986068726,medium,very low
2026-08-17,79.49811595433293,86.32064366869096,50.475731449002446,122.16555588837947,medium,very low
2026-08-19,58.952089927410846,90.53562611354157,62.48766649082392,118.58358573625924,medium,very low
2026-08-21,43.16032183434548,0,0,0,medium,very low
2026-08-24,0,0,0,0,low,very low
